Rank,Subtree,Taxa Count,SPR Event Count,% of Total,Split Indices,Signature
1,KY210980_P16_GII-4,1,12,0.855310,133,133
2,MT238670_P16_GII-4,1,11,0.784034,113,113
3,LC769715_P16_GII-3,1,10,0.712758,115,115
4,KY887600_P16_GII-4,1,10,0.712758,111,111
5,MK756038_P16_GII-4,1,10,0.712758,119,119
6,PQ557606_P31_GII-4,1,10,0.712758,122,122
7,MW305653_P4_GII-4,1,10,0.712758,24,24
8,MW305738_P31_GII-4,1,10,0.712758,55,55
9,PV746278_P16_GII-4,1,9,0.641483,139,139
10,"KY887598_P16_GII-3, LC769715_P16_GII-3, LC769689_P16_GII-3, LC769682_P16_GII-3",4,9,0.641483,114 115 116 117,"114,115,116,117"
11,OM368933_P31_GII-4,1,9,0.641483,62,62
12,"MZ478139_P16_GII-4, MK762637_P16_GII-4, MZ478140_P16_GII-4",3,9,0.641483,112 132 135,"112,132,135"
13,OQ552781_P1,1,8,0.570207,286,286
14,MW661277_P16_GII-2,1,8,0.570207,97,97
15,MH260484_P16_GII-4,1,8,0.570207,137,137
16,LC209479_P16_GII-2,1,8,0.570207,88,88
17,MW305547_P7_GII-6,1,8,0.570207,213,213
18,"JF320652_P1_GV-1, EU004674_P1_GV-1",2,8,0.570207,278 292,"278,292"
19,PQ373128_P17_GII-17,1,8,0.570207,156,156
20,LC133344_P31_GII-4,1,8,0.570207,59,59
21,PV275065_P4_GII-4,1,8,0.570207,10,10
22,PQ373133_P17_GII-17,1,7,0.498931,194,194
23,FJ446719_P1_GV-1,1,7,0.498931,280,280
24,PV588655_P17_GII-17,1,7,0.498931,182,182
25,OL898507_P16_GII-2,1,7,0.498931,96,96
26,MK753032_P16_GII-4,1,7,0.498931,110,110
27,MW305657_P34_GII-2,1,7,0.498931,298,298
28,LC145791_P16_GII-2,1,7,0.498931,144,144
29,PV784272_P17_GII-17,1,7,0.498931,195,195
30,"KM198509_P21_GII-3, KM198547_P21_GII-3",2,7,0.498931,77 78,"77,78"
31,"LC699529_P31_GII-4, MW661281_P31_GII-4, OR844381_P31_GII-4, LC726075_P31_GII-4, MH979230_P31_GII-4, OM373643_P31_GII-4, OM373200_P31_GII-4, OM368933_P31_GII-4, PQ507178_P31_GII-4, PQ507179_P31_GII-4",10,7,0.498931,40 46 47 57 58 60 61 62 65 66,"40,46,47,57,58,60,61,62,65,66"
32,"OQ552774_P1, OQ552781_P1, PP550057_P1, PP550062_P1, OQ552772_P1, PP550065_P1_GV-1",6,7,0.498931,285 286 287 288 289 290,"285,286,287,288,289,290"
33,KJ196294_P12_GII-12,1,7,0.498931,313,313
34,KJ196281_P31_GII-4,1,7,0.498931,53,53
35,LC122806_P31_GII-4,1,7,0.498931,63,63
36,MH218733_P31_GII-2,1,7,0.498931,34,34
37,LC122751_P12_GII-3,1,6,0.427655,309,309
38,EU004682_P1_GV-1,1,6,0.427655,279,279
39,KF429765_P1_GI-1,1,6,0.427655,264,264
40,PV588657_P17_GII-17,1,6,0.427655,180,180
41,PV276961_P17_GII-17,1,6,0.427655,186,186
42,PQ195913_P31_GII-4,1,6,0.427655,33,33
43,KF429760_P4_GII-4,1,6,0.427655,8,8
44,EF202567_P4_GII-4,1,6,0.427655,326,326
45,OP686903_P16_GII-10,1,6,0.427655,95,95
46,OR793088_P16_GII-2,1,6,0.427655,98,98
47,OP205557_P16_GII-3,1,6,0.427655,106,106
48,KY887599_P16_GII-4,1,6,0.427655,121,121
49,PQ195932_P16_GII-4,1,6,0.427655,130,130
50,LC342059_PNA7_GII-12,1,6,0.427655,68,68
51,OP609646_P16_GII-10,1,6,0.427655,146,146
52,AB985418_P28_GVIII-1,1,6,0.427655,297,297
53,MW305727_P3_GII-3,1,6,0.427655,151,151
54,KM198524_P4_GII-4,1,6,0.427655,327,327
55,EU004664_P1_GV-1,1,6,0.427655,281,281
56,AB933662_P4_GII-4,1,6,0.427655,4,4
57,LC744879_P31_GII-4,1,6,0.427655,67,67
58,PV282507_P31_GII-4,1,6,0.427655,43,43
59,MN308009_P31_GII-4,1,6,0.427655,44,44
60,"OR536471_P21_GII-3, OR536485_P21_GII-3, OR536496_P21_GII-3",3,6,0.427655,85 86 87,"85,86,87"
61,JN975498_P1_GV-1,1,6,0.427655,291,291
62,LC122758_P12_GII-3,1,6,0.427655,305,305
63,PQ557603_P31_GII-4,1,6,0.427655,56,56
64,MW661281_P31_GII-4,1,6,0.427655,46,46
65,OM373643_P31_GII-4,1,6,0.427655,60,60
66,MH218629_P31_GII-4,1,6,0.427655,49,49
67,"MW305598_P6_GII-6, LC122927_P6_GII-6, LC122932_P6_GII-6",3,6,0.427655,221 222 223,"221,222,223"
68,PV174243_P7_GII-6,1,6,0.427655,236,236
69,"KY424346_P7_GII-6, KY424347_P7_GII-6",2,6,0.427655,218 219,"218,219"
70,MZ265063_P33_GII-1,1,5,0.356379,72,72
71,FJ537135_PNA3_GII-4,1,5,0.356379,75,75
72,LC122726_P12_GII-12,1,5,0.356379,316,316
73,MW305581_P7_GII-6,1,5,0.356379,220,220
74,KF039729_P1_GI-1,1,5,0.356379,263,263
75,PV750882_P17_GII-17,1,5,0.356379,183,183
76,PV750895_P17_GII-17,1,5,0.356379,190,190
77,KY424329_P31_GII-4,1,5,0.356379,64,64
78,LC877034_P7_GII-7,1,5,0.356379,204,204
79,MK773571_P16_GII-2,1,5,0.356379,99,99
80,MG745992_P16_GII-2,1,5,0.356379,100,100
81,LC726085_P16_GII-2,1,5,0.356379,104,104
82,MK590974_P16_GII-2,1,5,0.356379,107,107
83,LC769695_P16_GII-4,1,5,0.356379,120,120
84,"KY442319_P41_GII-3, KY442320_P41_GII-3, MW305574_P41_GII-3, MZ265063_P33_GII-1",4,5,0.356379,69 70 71 72,"69,70,71,72"
85,KJ196288_P5_GII-5,1,5,0.356379,145,145
86,KJ196286_P16_GII-17,1,5,0.356379,147,147
87,LC122698_P6_GI-6,1,5,0.356379,256,256
88,MW305600_P21_GII-2,1,5,0.356379,81,81
89,MW305573_P36_GII-7,1,5,0.356379,199,199
90,"PV394761_P16_GII-16, PV394768_P16_GII-16, PV746275_P16_GII-4, PV746278_P16_GII-4, PP661667_P16_GII-4, PP549880_P16_GII-4",6,5,0.356379,102 103 138 139 140 141,"102,103,138,139,140,141"
91,"JN400601_P4_GII-4, JN400610_P4_GII-4, JN400612_P4_GII-4, JN400613_P4_GII-4, AB933662_P4_GII-4, AB933645_P4_GII-4, JX445158_P4_GII-4, JX445162_P4_GII-4, KF429760_P4_GII-4, PV282509_P4_GII-4, PV275065_P4_GII-4, MF140693_P4_GII-4, AB933739_P4_GII-4, AB933743_P4_GII-4, MH218703_P4_GII-4, KJ685402_P4_GII-4, PQ195886_P4_GII-4, PQ208315_P4_GII-4, PQ208326_P4_GII-4, MK753028_P4_GII-4, MW305590_P4_GII-4, MW305655_P4_GII-4, MW305589_P4_GII-4, MW305661_P4_GII-4, MW305653_P4_GII-4, MW305656_P4_GII-4, MW305662_P4_GII-4, MW305594_P4_GII-4, KY424338_P4_GII-4, MW305545_P4_GII-4, KJ407076_P4_GII-4, FJ537137_P12_GII-4, KJ196276_P12_GII-13, PQ195913_P31_GII-4, MH218733_P31_GII-2, OR262326_P31_GII-4, OR262327_P31_GII-4, PV275055_P31_GII-4, PV275068_P31_GII-4, MN703761_P31_GII-4, LC699529_P31_GII-4, MT474043_P31_GII-4, MN308017_P31_GII-4, PV282507_P31_GII-4, MN308009_P31_GII-4, MT726225_P31_GII-4, MW661281_P31_GII-4, OR844381_P31_GII-4, OL721917_P31_GII-4, MH218629_P31_GII-4, MH218638_P31_GII-4, KT202797_P31_GII-4, KJ196296_P31_GII-4, KJ196281_P31_GII-4, LC122811_P31_GII-4, MW305738_P31_GII-4, PQ557603_P31_GII-4, LC726075_P31_GII-4, MH979230_P31_GII-4, LC133344_P31_GII-4, OM373643_P31_GII-4, OM373200_P31_GII-4, OM368933_P31_GII-4, LC122806_P31_GII-4, KY424329_P31_GII-4, PQ507178_P31_GII-4, PQ507179_P31_GII-4, LC744879_P31_GII-4, LC342059_PNA7_GII-12, KY442319_P41_GII-3, KY442320_P41_GII-3, MW305574_P41_GII-3, MZ265063_P33_GII-1, FJ537134_P39_GII-4, FJ537138_P39_GII-4, FJ537135_PNA3_GII-4, MW305583_PNA3_GII-4, KM198509_P21_GII-3, KM198547_P21_GII-3, OP205577_P21_GII-3, MH218577_P21_GII-3, MW305600_P21_GII-2, LC122739_P21_GII-1, MH218573_P21_GII-3, MH218584_P21_GII-3, OR536471_P21_GII-3, OR536485_P21_GII-3, OR536496_P21_GII-3, PQ557606_P31_GII-4, MW305657_P34_GII-2, MF405169_P32_GII-2, MK753015_P2_GII-2, LC122855_P2_GII-2, MH218734_P2_GII-2, FJ537136_P12_GII-4, LC122743_P12_GII-3, LC122758_P12_GII-3, PQ559816_P12_GII-3, PQ195934_P12_GII-4, LC726063_P12_GII-3, LC122751_P12_GII-3, LC122767_P12_GII-4, LC122766_P12_GII-4, LC122772_P12_GII-4, KJ196294_P12_GII-12, KJ196282_P12_GII-12, KJ196299_P12_GII-12, LC122726_P12_GII-12, LC122725_P12_GII-12, MF140634_P4_GII-4, MW305567_P4_GII-4, KM198504_P4_GII-4, KC409248_P4_GII-4, KC409253_P4_GII-4, KC175358_P4_GII-4, KC409300_P4_GII-4, KC409290_P4_GII-4, EF202567_P4_GII-4, KM198524_P4_GII-4, JN400603_P4_GII-4, KJ196287_P4_GII-4, HM748971_P4_GII-4, AB933671_P4_GII-4, KJ541743_P4_GII-4, KC175402_P4_GII-4",125,5,0.356379,0 1 2 3 4 5 6 7 8 9 10 11 12 13 14 15 16 17 18 19 20 21 22 23 24 25 26 27 28 29 30 31 32 33 34 35 36 37 38 39 40 41 42 43 44 45 46 47 48 49 50 51 52 53 54 55 56 57 58 59 60 61 62 63 64 65 66 67 68 69 70 71 72 73 74 75 76 77 78 79 80 81 82 83 84 85 86 87 122 298 299 300 301 302 303 304 305 306 307 308 309 310 311 312 313 314 315 316 317 318 319 320 321 322 323 324 325 326 327 328 329 330 331 332 333,"0,1,2,3,4,5,6,7,8,9,10,11,12,13,14,15,16,17,18,19,20,21,22,23,24,25,26,27,28,29,30,31,32,33,34,35,36,37,38,39,40,41,42,43,44,45,46,47,48,49,50,51,52,53,54,55,56,57,58,59,60,61,62,63,64,65,66,67,68,69,70,71,72,73,74,75,76,77,78,79,80,81,82,83,84,85,86,87,122,298,299,300,301,302,303,304,305,306,307,308,309,310,311,312,313,314,315,316,317,318,319,320,321,322,323,324,325,326,327,328,329,330,331,332,333"
92,PQ196534_P16_GII-4,1,5,0.356379,128,128
93,OL685300_P15_GIX-1,1,5,0.356379,202,202
94,MT158860_P17_GII-17,1,5,0.356379,168,168
95,"MH218573_P21_GII-3, MH218584_P21_GII-3",2,5,0.356379,83 84,"83,84"
96,KJ196296_P31_GII-4,1,5,0.356379,52,52
97,LC122766_P12_GII-4,1,5,0.356379,311,311
98,OM373200_P31_GII-4,1,5,0.356379,61,61
99,JX846927_P7_GII-6,1,5,0.356379,208,208
100,MW305514_P7_GII-9,1,5,0.356379,224,224
101,PQ373124_P17_GII-17,1,5,0.356379,158,158
102,KY424338_P4_GII-4,1,5,0.356379,28,28
103,MW305574_P41_GII-3,1,5,0.356379,71,71
104,PQ196564_P16_GII-4,1,4,0.285103,125,125
105,OQ552774_P1,1,4,0.285103,285,285
106,PV765573_P17_GII-17,1,4,0.285103,173,173
107,PV902474_P17_GII-17,1,4,0.285103,174,174
108,"AY228235_P1_GV-1, EU004655_P1_GV-1",2,4,0.285103,282 283,"282,283"
109,PX458229_P1_GI-1,1,4,0.285103,269,269
110,PQ310520_P17_GII-17,1,4,0.285103,184,184
111,PV750881_P17_GII-17,1,4,0.285103,192,192
112,LC868426_P17_GII-17,1,4,0.285103,193,193
113,PP267300_P16_GII-2,1,4,0.285103,109,109
114,PQ209099_P16_GII-4,1,4,0.285103,131,131
115,MH260483_P16_GII-4,1,4,0.285103,136,136
116,"PQ196564_P16_GII-4, PQ215539_P16_GII-4, PQ218566_P16_GII-4, PQ196534_P16_GII-4, PQ209103_P16_GII-4",5,4,0.285103,125 126 127 128 129,"125,126,127,128,129"
117,PV920368_P3_GII-17,1,4,0.285103,149,149
118,MW305724_P3_GII-3,1,4,0.285103,150,150
119,MG551869_P23_GII-23,1,4,0.285103,91,91
120,MH702267_P16_GII-3,1,4,0.285103,92,92
121,PQ195886_P4_GII-4,1,4,0.285103,16,16
122,PQ559816_P12_GII-3,1,4,0.285103,306,306
123,MZ272053_P7_GII-14,1,4,0.285103,234,234
124,KJ196287_P4_GII-4,1,4,0.285103,329,329
125,HM748971_P4_GII-4,1,4,0.285103,330,330
126,FJ537137_P12_GII-4,1,4,0.285103,31,31
127,MK754444_P16_GII-4,1,4,0.285103,142,142
128,"JN400601_P4_GII-4, JN400610_P4_GII-4, JN400612_P4_GII-4, JN400613_P4_GII-4, AB933662_P4_GII-4, AB933645_P4_GII-4, JX445158_P4_GII-4, JX445162_P4_GII-4, KF429760_P4_GII-4, PV282509_P4_GII-4, PV275065_P4_GII-4, MF140693_P4_GII-4, AB933739_P4_GII-4, AB933743_P4_GII-4, MH218703_P4_GII-4, KJ685402_P4_GII-4, PQ195886_P4_GII-4, PQ208315_P4_GII-4, PQ208326_P4_GII-4, MK753028_P4_GII-4, MW305590_P4_GII-4, MW305655_P4_GII-4, MW305589_P4_GII-4, MW305661_P4_GII-4, MW305653_P4_GII-4, MW305656_P4_GII-4, MW305662_P4_GII-4, MW305594_P4_GII-4, KY424338_P4_GII-4, MW305545_P4_GII-4, KJ407076_P4_GII-4, FJ537137_P12_GII-4, KJ196276_P12_GII-13, PQ195913_P31_GII-4, MH218733_P31_GII-2, OR262326_P31_GII-4, OR262327_P31_GII-4, PV275055_P31_GII-4, PV275068_P31_GII-4, MN703761_P31_GII-4, LC699529_P31_GII-4, MT474043_P31_GII-4, MN308017_P31_GII-4, PV282507_P31_GII-4, MN308009_P31_GII-4, MT726225_P31_GII-4, MW661281_P31_GII-4, OR844381_P31_GII-4, OL721917_P31_GII-4, MH218629_P31_GII-4, MH218638_P31_GII-4, KT202797_P31_GII-4, KJ196296_P31_GII-4, KJ196281_P31_GII-4, LC122811_P31_GII-4, MW305738_P31_GII-4, PQ557603_P31_GII-4, LC726075_P31_GII-4, MH979230_P31_GII-4, LC133344_P31_GII-4, OM373643_P31_GII-4, OM373200_P31_GII-4, OM368933_P31_GII-4, LC122806_P31_GII-4, KY424329_P31_GII-4, PQ507178_P31_GII-4, PQ507179_P31_GII-4, LC744879_P31_GII-4, LC342059_PNA7_GII-12, KY442319_P41_GII-3, KY442320_P41_GII-3, MW305574_P41_GII-3, MZ265063_P33_GII-1, FJ537134_P39_GII-4, FJ537138_P39_GII-4, FJ537135_PNA3_GII-4, MW305583_PNA3_GII-4, KM198509_P21_GII-3, KM198547_P21_GII-3, OP205577_P21_GII-3, MH218577_P21_GII-3, MW305600_P21_GII-2, LC122739_P21_GII-1, MH218573_P21_GII-3, MH218584_P21_GII-3, OR536471_P21_GII-3, OR536485_P21_GII-3, OR536496_P21_GII-3, LC209479_P16_GII-2, MW305714_P16_GII-13, MK753009_P16_GII-13, MG551869_P23_GII-23, MH702267_P16_GII-3, PP825703_P16_GII-3, MK753008_P16_GII-13, OP686903_P16_GII-10, OL898507_P16_GII-2, MW661277_P16_GII-2, OR793088_P16_GII-2, MK773571_P16_GII-2, MG745992_P16_GII-2, MK614137_P16_GII-2, PV394761_P16_GII-16, PV394768_P16_GII-16, LC726085_P16_GII-2, LC726084_P16_GII-2, OP205557_P16_GII-3, MK590974_P16_GII-2, OL826943_P16_GII-2, PP267300_P16_GII-2, MK753032_P16_GII-4, KY887600_P16_GII-4, MZ478139_P16_GII-4, MT238670_P16_GII-4, KY887598_P16_GII-3, LC769715_P16_GII-3, LC769689_P16_GII-3, LC769682_P16_GII-3, PX563327_P16_GII-4, MK756038_P16_GII-4, LC769695_P16_GII-4, KY887599_P16_GII-4, PQ557606_P31_GII-4, PQ195935_P16_GII-4, PQ195936_P16_GII-4, PQ196564_P16_GII-4, PQ215539_P16_GII-4, PQ218566_P16_GII-4, PQ196534_P16_GII-4, PQ209103_P16_GII-4, PQ195932_P16_GII-4, PQ209099_P16_GII-4, MK762637_P16_GII-4, KY210980_P16_GII-4, OQ940080_P16_GII-4, MZ478140_P16_GII-4, MH260483_P16_GII-4, MH260484_P16_GII-4, PV746275_P16_GII-4, PV746278_P16_GII-4, PP661667_P16_GII-4, PP549880_P16_GII-4, MK754444_P16_GII-4, MN447470_P16_GII-16, LC145791_P16_GII-2, KJ196288_P5_GII-5, OP609646_P16_GII-10, KJ196286_P16_GII-17, MW305582_P3_GII-17, PV920368_P3_GII-17, MW305724_P3_GII-3, MW305727_P3_GII-3, MW305726_P3_GII-3, MW305731_P3_GII-3, LC122831_P3_GII-3, KJ194500_P3_GII-3, PQ373128_P17_GII-17, OP205536_P17_GII-17, PQ373124_P17_GII-17, MT729791_P17_GII-17, LC369214_P17_GII-17, KU557784_P17_GII-17, KT780413_P17_GII-17, LC369217_P17_GII-17, MK789431_P17_GII-17, KT780410_P17_GII-17, LC644992_P17_GII-17, MF421541_P17_GII-17, MT158860_P17_GII-17, PV920371_P17_GII-17, PQ336869_P17_GII-17, MK282257_P17_GII-17, PV765567_P17_GII-17, PV765573_P17_GII-17, PV902474_P17_GII-17, PV765574_P17_GII-17, PV765575_P17_GII-17, PV765587_P17_GII-17, PV765585_P17_GII-17, PQ482378_P17_GII-17, PV588657_P17_GII-17, PQ482380_P17_GII-17, PV588655_P17_GII-17, PV750882_P17_GII-17, PQ310520_P17_GII-17, PV784337_P17_GII-17, PV276961_P17_GII-17, PV750876_P17_GII-17, PV750877_P17_GII-17, LC868438_P17_GII-17, PV750895_P17_GII-17, LC868433_P17_GII-17, PV750881_P17_GII-17, LC868426_P17_GII-17, PQ373133_P17_GII-17, PV784272_P17_GII-17, PP580690_P17_GII-17, OR546394_P8_GII-8, OR546396_P8_GII-8, MW305573_P36_GII-7, MW261789_P15_GIX-1, OL685296_P15_GIX-1, OL685300_P15_GIX-1, OL685303_P15_GIX-1, LC877034_P7_GII-7, LC877024_P7_GII-7, PV806173_P7_GII-7, KJ196295_P7_GII-7, JX846927_P7_GII-6, MW305599_P7_GII-6, LC122922_P7_GII-6, MW305555_P7_GII-6, MW305511_P7_GII-6, MW305547_P7_GII-6, MW305523_P7_GII-6, MW305616_P7_GII-6, MT227832_P7_GII-6, MT158850_P7_GII-6, KY424346_P7_GII-6, KY424347_P7_GII-6, MW305581_P7_GII-6, MW305598_P6_GII-6, LC122927_P6_GII-6, LC122932_P6_GII-6, MW305514_P7_GII-9, OR536456_P7_GII-14, OR536457_P7_GII-14, OR536458_P7_GII-14, MW305698_P7_GII-14, LC122877_P7_GII-14, LC122861_P7_GII-14, LC122876_P7_GII-14, MW305671_P7_GII-14, LC122881_P7_GII-14, MZ272053_P7_GII-14, GU017903_P7_GII-14, PV174243_P7_GII-6, PV418614_P2_GVI-2, MN912824_P1_GIV-2, MK067289_P1_GIV-2, MK733201_P26_GII-12, MG572732_P26_GII-26, OQ190312_P25_GII-3, KJ196277_P40_GII-5, AB985418_P28_GVIII-1, MW305657_P34_GII-2, MF405169_P32_GII-2, MK753015_P2_GII-2, LC122855_P2_GII-2, MH218734_P2_GII-2, FJ537136_P12_GII-4, LC122743_P12_GII-3, LC122758_P12_GII-3, PQ559816_P12_GII-3, PQ195934_P12_GII-4, LC726063_P12_GII-3, LC122751_P12_GII-3, LC122767_P12_GII-4, LC122766_P12_GII-4, LC122772_P12_GII-4, KJ196294_P12_GII-12, KJ196282_P12_GII-12, KJ196299_P12_GII-12, LC122726_P12_GII-12, LC122725_P12_GII-12, MF140634_P4_GII-4, MW305567_P4_GII-4, KM198504_P4_GII-4, KC409248_P4_GII-4, KC409253_P4_GII-4, KC175358_P4_GII-4, KC409300_P4_GII-4, KC409290_P4_GII-4, EF202567_P4_GII-4, KM198524_P4_GII-4, JN400603_P4_GII-4, KJ196287_P4_GII-4, HM748971_P4_GII-4, AB933671_P4_GII-4, KJ541743_P4_GII-4, KC175402_P4_GII-4",281,4,0.285103,0 1 2 3 4 5 6 7 8 9 10 11 12 13 14 15 16 17 18 19 20 21 22 23 24 25 26 27 28 29 30 31 32 33 34 35 36 37 38 39 40 41 42 43 44 45 46 47 48 49 50 51 52 53 54 55 56 57 58 59 60 61 62 63 64 65 66 67 68 69 70 71 72 73 74 75 76 77 78 79 80 81 82 83 84 85 86 87 88 89 90 91 92 93 94 95 96 97 98 99 100 101 102 103 104 105 106 107 108 109 110 111 112 113 114 115 116 117 118 119 120 121 122 123 124 125 126 127 128 129 130 131 132 133 134 135 136 137 138 139 140 141 142 143 144 145 146 147 148 149 150 151 152 153 154 155 156 157 158 159 160 161 162 163 164 165 166 167 168 169 170 171 172 173 174 175 176 177 178 179 180 181 182 183 184 185 186 187 188 189 190 191 192 193 194 195 196 197 198 199 200 201 202 203 204 205 206 207 208 209 210 211 212 213 214 215 216 217 218 219 220 221 222 223 224 225 226 227 228 229 230 231 232 233 234 235 236 239 240 241 293 294 295 296 297 298 299 300 301 302 303 304 305 306 307 308 309 310 311 312 313 314 315 316 317 318 319 320 321 322 323 324 325 326 327 328 329 330 331 332 333,"0,1,2,3,4,5,6,7,8,9,10,11,12,13,14,15,16,17,18,19,20,21,22,23,24,25,26,27,28,29,30,31,32,33,34,35,36,37,38,39,40,41,42,43,44,45,46,47,48,49,50,51,52,53,54,55,56,57,58,59,60,61,62,63,64,65,66,67,68,69,70,71,72,73,74,75,76,77,78,79,80,81,82,83,84,85,86,87,88,89,90,91,92,93,94,95,96,97,98,99,100,101,102,103,104,105,106,107,108,109,110,111,112,113,114,115,116,117,118,119,120,121,122,123,124,125,126,127,128,129,130,131,132,133,134,135,136,137,138,139,140,141,142,143,144,145,146,147,148,149,150,151,152,153,154,155,156,157,158,159,160,161,162,163,164,165,166,167,168,169,170,171,172,173,174,175,176,177,178,179,180,181,182,183,184,185,186,187,188,189,190,191,192,193,194,195,196,197,198,199,200,201,202,203,204,205,206,207,208,209,210,211,212,213,214,215,216,217,218,219,220,221,222,223,224,225,226,227,228,229,230,231,232,233,234,235,236,239,240,241,293,294,295,296,297,298,299,300,301,302,303,304,305,306,307,308,309,310,311,312,313,314,315,316,317,318,319,320,321,322,323,324,325,326,327,328,329,330,331,332,333"
129,PQ582089_P13_GI-3,1,4,0.285103,247,247
130,KC409248_P4_GII-4,1,4,0.285103,321,321
131,"PX563327_P16_GII-4, LC769695_P16_GII-4, PQ195935_P16_GII-4, PQ195936_P16_GII-4, PQ196564_P16_GII-4, PQ215539_P16_GII-4, PQ218566_P16_GII-4, PQ196534_P16_GII-4, PQ209103_P16_GII-4, PQ195932_P16_GII-4, PQ209099_P16_GII-4, OQ940080_P16_GII-4",12,4,0.285103,118 120 123 124 125 126 127 128 129 130 131 134,"118,120,123,124,125,126,127,128,129,130,131,134"
132,"MW305507_P10_GI-3, MW305510_P3_GI-3, MH218727_P3_GI-3, MW305492_P13_GI-3, MT526277_P13_GI-3, PQ582089_P13_GI-3, LC769687_P13_GI-3, LC769711_P13_GI-3, OR065043_P7_GI-7, MW305508_P7",10,4,0.285103,242 243 244 245 246 247 248 249 250 251,"242,243,244,245,246,247,248,249,250,251"
133,"MW305589_P4_GII-4, MW305661_P4_GII-4",2,4,0.285103,22 23,"22,23"
134,PV746275_P16_GII-4,1,4,0.285103,138,138
135,OR536457_P7_GII-14,1,4,0.285103,226,226
136,MW305555_P7_GII-6,1,4,0.285103,211,211
137,MF421541_P17_GII-17,1,4,0.285103,167,167
138,MH218638_P31_GII-4,1,4,0.285103,50,50
139,PV275068_P31_GII-4,1,4,0.285103,38,38
140,LC122877_P7_GII-14,1,4,0.285103,229,229
141,LC644992_P17_GII-17,1,4,0.285103,166,166
142,LC369217_P17_GII-17,1,4,0.285103,163,163
143,MK789431_P17_GII-17,1,4,0.285103,164,164
144,"JN400601_P4_GII-4, JN400610_P4_GII-4, JN400612_P4_GII-4, JN400613_P4_GII-4, AB933662_P4_GII-4, AB933645_P4_GII-4, JX445158_P4_GII-4, JX445162_P4_GII-4, KF429760_P4_GII-4, PV282509_P4_GII-4, PV275065_P4_GII-4, MF140693_P4_GII-4, AB933739_P4_GII-4, AB933743_P4_GII-4, MH218703_P4_GII-4, KJ685402_P4_GII-4, PQ195886_P4_GII-4, PQ208315_P4_GII-4, PQ208326_P4_GII-4, MK753028_P4_GII-4, MW305590_P4_GII-4, MW305655_P4_GII-4, MW305589_P4_GII-4, MW305661_P4_GII-4, MW305653_P4_GII-4, MW305656_P4_GII-4, MW305662_P4_GII-4, MW305545_P4_GII-4, KJ407076_P4_GII-4, MF140634_P4_GII-4, MW305567_P4_GII-4, KM198504_P4_GII-4, KC409248_P4_GII-4, KC409253_P4_GII-4, KC175358_P4_GII-4, KC409300_P4_GII-4, KC409290_P4_GII-4, EF202567_P4_GII-4, KM198524_P4_GII-4, JN400603_P4_GII-4, KJ196287_P4_GII-4, HM748971_P4_GII-4, AB933671_P4_GII-4, KJ541743_P4_GII-4, KC175402_P4_GII-4",45,4,0.285103,0 1 2 3 4 5 6 7 8 9 10 11 12 13 14 15 16 17 18 19 20 21 22 23 24 25 26 29 30 318 319 320 321 322 323 324 325 326 327 328 329 330 331 332 333,"0,1,2,3,4,5,6,7,8,9,10,11,12,13,14,15,16,17,18,19,20,21,22,23,24,25,26,29,30,318,319,320,321,322,323,324,325,326,327,328,329,330,331,332,333"
145,PQ195934_P12_GII-4,1,4,0.285103,307,307
146,"OM991740_P2_GIII-2, OK032546_P2_GIII-2",2,4,0.285103,237 238,"237,238"
147,KJ407076_P4_GII-4,1,4,0.285103,30,30
148,LC122831_P3_GII-3,1,4,0.285103,154,154
149,KT780413_P17_GII-17,1,4,0.285103,162,162
150,"MT474043_P31_GII-4, MN308017_P31_GII-4",2,4,0.285103,41 42,"41,42"
151,MH979230_P31_GII-4,1,4,0.285103,58,58
152,MK753028_P4_GII-4,1,4,0.285103,19,19
153,"PQ195886_P4_GII-4, PQ208315_P4_GII-4, PQ208326_P4_GII-4",3,4,0.285103,16 17 18,"16,17,18"
154,LC122811_P31_GII-4,1,4,0.285103,54,54
155,OL721917_P31_GII-4,1,4,0.285103,48,48
156,MT372464_P2_GI-2,1,4,0.285103,273,273
157,MW305507_P10_GI-3,1,4,0.285103,242,242
158,MT726225_P31_GII-4,1,4,0.285103,45,45
159,MK753015_P2_GII-2,1,3,0.213828,300,300
160,LC122881_P7_GII-14,1,3,0.213828,233,233
161,PV765575_P17_GII-17,1,3,0.213828,176,176
162,MF140693_P4_GII-4,1,3,0.213828,11,11
163,"OP205577_P21_GII-3, MH218577_P21_GII-3",2,3,0.213828,79 80,"79,80"
164,JN975492_P1_GV-1,1,3,0.213828,284,284
165,JX023285_P1_GI-1,1,3,0.213828,257,257
166,KF429761_P1_GI-1,1,3,0.213828,259,259
167,KF429774_P1_GI-1,1,3,0.213828,260,260
168,KF429783_P1_GI-1,1,3,0.213828,261,261
169,KF429789_P1_GI-1,1,3,0.213828,262,262
170,PX458194_P1_GI-1,1,3,0.213828,267,267
171,PV242316_P1_GI-1,1,3,0.213828,268,268
172,PX458213_P1_GI-1,1,3,0.213828,270,270
173,PV242300_P1_GI-1,1,3,0.213828,271,271
174,PQ482380_P17_GII-17,1,3,0.213828,181,181
175,PV784337_P17_GII-17,1,3,0.213828,185,185
176,LC868438_P17_GII-17,1,3,0.213828,189,189
177,LC868433_P17_GII-17,1,3,0.213828,191,191
178,MK614137_P16_GII-2,1,3,0.213828,101,101
179,LC726084_P16_GII-2,1,3,0.213828,105,105
180,OL826943_P16_GII-2,1,3,0.213828,108,108
181,"PQ195935_P16_GII-4, PQ195936_P16_GII-4",2,3,0.213828,123 124,"123,124"
182,PP825703_P16_GII-3,1,3,0.213828,93,93
183,"PV418614_P2_GVI-2, MN912824_P1_GIV-2, MK067289_P1_GIV-2",3,3,0.213828,239 240 241,"239,240,241"
184,PQ215539_P16_GII-4,1,3,0.213828,126,126
185,LC122861_P7_GII-14,1,3,0.213828,230,230
186,LC122743_P12_GII-3,1,3,0.213828,304,304
187,JN400613_P4_GII-4,1,3,0.213828,3,3
188,AB933645_P4_GII-4,1,3,0.213828,5,5
189,JX445158_P4_GII-4,1,3,0.213828,6,6
190,JN400603_P4_GII-4,1,3,0.213828,328,328
191,AB933671_P4_GII-4,1,3,0.213828,331,331
192,MW305545_P4_GII-4,1,3,0.213828,29,29
193,"MW305590_P4_GII-4, MW305655_P4_GII-4, MW305589_P4_GII-4, MW305661_P4_GII-4, MW305656_P4_GII-4, MW305662_P4_GII-4, KJ407076_P4_GII-4",7,3,0.213828,20 21 22 23 25 26 30,"20,21,22,23,25,26,30"
194,"PX563327_P16_GII-4, OQ940080_P16_GII-4",2,3,0.213828,118 134,"118,134"
195,"JN400601_P4_GII-4, JN400610_P4_GII-4, JN400612_P4_GII-4, JN400613_P4_GII-4, AB933662_P4_GII-4, AB933645_P4_GII-4, JX445158_P4_GII-4, JX445162_P4_GII-4, KF429760_P4_GII-4, PV282509_P4_GII-4, PV275065_P4_GII-4, MF140693_P4_GII-4, AB933739_P4_GII-4, AB933743_P4_GII-4, MH218703_P4_GII-4, KJ685402_P4_GII-4, PQ195886_P4_GII-4, PQ208315_P4_GII-4, PQ208326_P4_GII-4, MK753028_P4_GII-4, MW305590_P4_GII-4, MW305655_P4_GII-4, MW305589_P4_GII-4, MW305661_P4_GII-4, MW305653_P4_GII-4, MW305656_P4_GII-4, MW305662_P4_GII-4, MW305594_P4_GII-4, KY424338_P4_GII-4, MW305545_P4_GII-4, KJ407076_P4_GII-4, FJ537137_P12_GII-4, KJ196276_P12_GII-13, FJ537136_P12_GII-4, LC122743_P12_GII-3, LC122758_P12_GII-3, PQ559816_P12_GII-3, PQ195934_P12_GII-4, LC726063_P12_GII-3, LC122751_P12_GII-3, LC122767_P12_GII-4, LC122766_P12_GII-4, LC122772_P12_GII-4, KJ196294_P12_GII-12, KJ196282_P12_GII-12, KJ196299_P12_GII-12, LC122726_P12_GII-12, LC122725_P12_GII-12, MF140634_P4_GII-4, MW305567_P4_GII-4, KM198504_P4_GII-4, KC409248_P4_GII-4, KC409253_P4_GII-4, KC175358_P4_GII-4, KC409300_P4_GII-4, KC409290_P4_GII-4, EF202567_P4_GII-4, KM198524_P4_GII-4, JN400603_P4_GII-4, KJ196287_P4_GII-4, HM748971_P4_GII-4, AB933671_P4_GII-4, KJ541743_P4_GII-4, KC175402_P4_GII-4",64,3,0.213828,0 1 2 3 4 5 6 7 8 9 10 11 12 13 14 15 16 17 18 19 20 21 22 23 24 25 26 27 28 29 30 31 32 303 304 305 306 307 308 309 310 311 312 313 314 315 316 317 318 319 320 321 322 323 324 325 326 327 328 329 330 331 332 333,"0,1,2,3,4,5,6,7,8,9,10,11,12,13,14,15,16,17,18,19,20,21,22,23,24,25,26,27,28,29,30,31,32,303,304,305,306,307,308,309,310,311,312,313,314,315,316,317,318,319,320,321,322,323,324,325,326,327,328,329,330,331,332,333"
196,PP661667_P16_GII-4,1,3,0.213828,140,140
197,JN400612_P4_GII-4,1,3,0.213828,2,2
198,"MK753032_P16_GII-4, MH260483_P16_GII-4, MK754444_P16_GII-4",3,3,0.213828,110 136 142,"110,136,142"
199,LC769687_P13_GI-3,1,3,0.213828,248,248
200,MW305583_PNA3_GII-4,1,3,0.213828,76,76
201,MT474043_P31_GII-4,1,3,0.213828,41,41
202,KU557784_P17_GII-17,1,3,0.213828,161,161
203,"OL721917_P31_GII-4, KT202797_P31_GII-4",2,3,0.213828,48 51,"48,51"
204,MW305594_P4_GII-4,1,3,0.213828,27,27
205,MT729791_P17_GII-17,1,3,0.213828,159,159
206,"LC122767_P12_GII-4, LC122766_P12_GII-4, LC122772_P12_GII-4",3,3,0.213828,310 311 312,"310,311,312"
207,"OR546394_P8_GII-8, OR546396_P8_GII-8",2,3,0.213828,197 198,"197,198"
208,MW305698_P7_GII-14,1,3,0.213828,228,228
209,KC409290_P4_GII-4,1,3,0.213828,325,325
210,LC122739_P21_GII-1,1,3,0.213828,82,82
211,"MW305582_P3_GII-17, PV920368_P3_GII-17, MW305724_P3_GII-3, MW305727_P3_GII-3, MW305726_P3_GII-3, MW305731_P3_GII-3, LC122831_P3_GII-3, KJ194500_P3_GII-3, PQ373128_P17_GII-17, OP205536_P17_GII-17, PQ373124_P17_GII-17, MT729791_P17_GII-17, LC369214_P17_GII-17, KU557784_P17_GII-17, KT780413_P17_GII-17, LC369217_P17_GII-17, MK789431_P17_GII-17, KT780410_P17_GII-17, LC644992_P17_GII-17, MF421541_P17_GII-17, MT158860_P17_GII-17, PV920371_P17_GII-17, PQ336869_P17_GII-17, MK282257_P17_GII-17, PV765567_P17_GII-17, PV765573_P17_GII-17, PV902474_P17_GII-17, PV765574_P17_GII-17, PV765575_P17_GII-17, PV765587_P17_GII-17, PV765585_P17_GII-17, PQ482378_P17_GII-17, PV588657_P17_GII-17, PQ482380_P17_GII-17, PV588655_P17_GII-17, PV750882_P17_GII-17, PQ310520_P17_GII-17, PV784337_P17_GII-17, PV276961_P17_GII-17, PV750876_P17_GII-17, PV750877_P17_GII-17, LC868438_P17_GII-17, PV750895_P17_GII-17, LC868433_P17_GII-17, PV750881_P17_GII-17, LC868426_P17_GII-17, PQ373133_P17_GII-17, PV784272_P17_GII-17, PP580690_P17_GII-17",49,3,0.213828,148 149 150 151 152 153 154 155 156 157 158 159 160 161 162 163 164 165 166 167 168 169 170 171 172 173 174 175 176 177 178 179 180 181 182 183 184 185 186 187 188 189 190 191 192 193 194 195 196,"148,149,150,151,152,153,154,155,156,157,158,159,160,161,162,163,164,165,166,167,168,169,170,171,172,173,174,175,176,177,178,179,180,181,182,183,184,185,186,187,188,189,190,191,192,193,194,195,196"
212,MW305731_P3_GII-3,1,3,0.213828,153,153
213,"MT158860_P17_GII-17, PV920371_P17_GII-17, PQ336869_P17_GII-17",3,3,0.213828,168 169 170,"168,169,170"
214,KC409300_P4_GII-4,1,3,0.213828,324,324
215,KC175402_P4_GII-4,1,3,0.213828,333,333
216,"PV765567_P17_GII-17, PV765573_P17_GII-17, PV902474_P17_GII-17, PV765574_P17_GII-17, PV765575_P17_GII-17, PV765587_P17_GII-17, PV765585_P17_GII-17",7,3,0.213828,172 173 174 175 176 177 178,"172,173,174,175,176,177,178"
217,"JN400601_P4_GII-4, JN400610_P4_GII-4, JN400612_P4_GII-4, JN400613_P4_GII-4, AB933662_P4_GII-4, AB933645_P4_GII-4, JX445158_P4_GII-4, JX445162_P4_GII-4, KM198504_P4_GII-4, KC409248_P4_GII-4, KC409253_P4_GII-4, KC175358_P4_GII-4, KC409300_P4_GII-4, KC409290_P4_GII-4, KM198524_P4_GII-4, JN400603_P4_GII-4, KJ196287_P4_GII-4, HM748971_P4_GII-4, AB933671_P4_GII-4, KJ541743_P4_GII-4, KC175402_P4_GII-4",21,3,0.213828,0 1 2 3 4 5 6 7 320 321 322 323 324 325 327 328 329 330 331 332 333,"0,1,2,3,4,5,6,7,320,321,322,323,324,325,327,328,329,330,331,332,333"
218,PV275055_P31_GII-4,1,3,0.213828,37,37
219,"LC699529_P31_GII-4, OR844381_P31_GII-4",2,3,0.213828,40 47,"40,47"
220,"JX023285_P1_GI-1, KF429770_P1_GI-1, KF429761_P1_GI-1, KF429774_P1_GI-1, KF429783_P1_GI-1, KF429789_P1_GI-1, KF039729_P1_GI-1, KF429765_P1_GI-1, PX458208_P1, PX458233_P1, PX458194_P1_GI-1, PV242316_P1_GI-1, PX458229_P1_GI-1, PX458213_P1_GI-1, PV242300_P1_GI-1, KF039730_P1_GI-1",16,3,0.213828,257 258 259 260 261 262 263 264 265 266 267 268 269 270 271 272,"257,258,259,260,261,262,263,264,265,266,267,268,269,270,271,272"
221,"KJ196282_P12_GII-12, KJ196299_P12_GII-12, LC122726_P12_GII-12, LC122725_P12_GII-12",4,3,0.213828,314 315 316 317,"314,315,316,317"
222,LC369214_P17_GII-17,1,3,0.213828,160,160
223,KT780410_P17_GII-17,1,3,0.213828,165,165
224,MK282257_P17_GII-17,1,3,0.213828,171,171
225,MW305590_P4_GII-4,1,3,0.213828,20,20
226,LC769689_P16_GII-3,1,3,0.213828,116,116
227,"PV282509_P4_GII-4, MF140693_P4_GII-4, AB933739_P4_GII-4, AB933743_P4_GII-4",4,3,0.213828,9 11 12 13,"9,11,12,13"
228,"MW305492_P13_GI-3, MT526277_P13_GI-3",2,3,0.213828,245 246,"245,246"
229,KT202797_P31_GII-4,1,3,0.213828,51,51
230,FJ537136_P12_GII-4,1,3,0.213828,303,303
231,"MH702267_P16_GII-3, PP825703_P16_GII-3",2,3,0.213828,92 93,"92,93"
232,MN703761_P31_GII-4,1,3,0.213828,39,39
233,"MH218733_P31_GII-2, MW305600_P21_GII-2, LC209479_P16_GII-2, OL898507_P16_GII-2, MW661277_P16_GII-2, OR793088_P16_GII-2, MK773571_P16_GII-2, MG745992_P16_GII-2, MK614137_P16_GII-2, LC726085_P16_GII-2, LC726084_P16_GII-2, MK590974_P16_GII-2, OL826943_P16_GII-2, PP267300_P16_GII-2, LC145791_P16_GII-2, MW305657_P34_GII-2, MF405169_P32_GII-2, MK753015_P2_GII-2, LC122855_P2_GII-2, MH218734_P2_GII-2",20,3,0.213828,34 81 88 96 97 98 99 100 101 104 105 107 108 109 144 298 299 300 301 302,"34,81,88,96,97,98,99,100,101,104,105,107,108,109,144,298,299,300,301,302"
234,MH218703_P4_GII-4,1,3,0.213828,14,14
235,KJ685402_P4_GII-4,1,3,0.213828,15,15
236,"KJ196294_P12_GII-12, KJ196282_P12_GII-12, KJ196299_P12_GII-12, LC122726_P12_GII-12, LC122725_P12_GII-12",5,3,0.213828,313 314 315 316 317,"313,314,315,316,317"
237,OR536456_P7_GII-14,1,2,0.142552,225,225
238,LC122767_P12_GII-4,1,2,0.142552,310,310
239,OL685296_P15_GIX-1,1,2,0.142552,201,201
240,PP550062_P1,1,2,0.142552,288,288
241,PP550065_P1_GV-1,1,2,0.142552,290,290
242,PV765567_P17_GII-17,1,2,0.142552,172,172
243,"PV920371_P17_GII-17, PQ336869_P17_GII-17",2,2,0.142552,169 170,"169,170"
244,EU004674_P1_GV-1,1,2,0.142552,292,292
245,"PV750876_P17_GII-17, PV750877_P17_GII-17",2,2,0.142552,187 188,"187,188"
246,MW305567_P4_GII-4,1,2,0.142552,319,319
247,"PV282509_P4_GII-4, PV275065_P4_GII-4, MF140693_P4_GII-4, AB933739_P4_GII-4, AB933743_P4_GII-4, MH218703_P4_GII-4, KJ685402_P4_GII-4, PQ195886_P4_GII-4, PQ208315_P4_GII-4, PQ208326_P4_GII-4, MK753028_P4_GII-4",11,2,0.142552,9 10 11 12 13 14 15 16 17 18 19,"9,10,11,12,13,14,15,16,17,18,19"
248,PX563327_P16_GII-4,1,2,0.142552,118,118
249,OQ940080_P16_GII-4,1,2,0.142552,134,134
250,"FJ537134_P39_GII-4, FJ537138_P39_GII-4, FJ537135_PNA3_GII-4, MW305583_PNA3_GII-4",4,2,0.142552,73 74 75 76,"73,74,75,76"
251,"OR546394_P8_GII-8, OR546396_P8_GII-8, MW305573_P36_GII-7, MW261789_P15_GIX-1, OL685296_P15_GIX-1, OL685300_P15_GIX-1, OL685303_P15_GIX-1, LC877034_P7_GII-7, LC877024_P7_GII-7, PV806173_P7_GII-7, KJ196295_P7_GII-7, JX846927_P7_GII-6, MW305599_P7_GII-6, LC122922_P7_GII-6, MW305555_P7_GII-6, MW305511_P7_GII-6, MW305547_P7_GII-6, MW305523_P7_GII-6, MW305616_P7_GII-6, MT227832_P7_GII-6, MT158850_P7_GII-6, KY424346_P7_GII-6, KY424347_P7_GII-6, MW305581_P7_GII-6, MW305598_P6_GII-6, LC122927_P6_GII-6, LC122932_P6_GII-6, MW305514_P7_GII-9, OR536456_P7_GII-14, OR536457_P7_GII-14, OR536458_P7_GII-14, MW305698_P7_GII-14, LC122877_P7_GII-14, LC122861_P7_GII-14, LC122876_P7_GII-14, MW305671_P7_GII-14, LC122881_P7_GII-14, MZ272053_P7_GII-14, GU017903_P7_GII-14, PV174243_P7_GII-6",40,2,0.142552,197 198 199 200 201 202 203 204 205 206 207 208 209 210 211 212 213 214 215 216 217 218 219 220 221 222 223 224 225 226 227 228 229 230 231 232 233 234 235 236,"197,198,199,200,201,202,203,204,205,206,207,208,209,210,211,212,213,214,215,216,217,218,219,220,221,222,223,224,225,226,227,228,229,230,231,232,233,234,235,236"
252,LC877024_P7_GII-7,1,2,0.142552,205,205
253,MW305714_P16_GII-13,1,2,0.142552,89,89
254,MW305616_P7_GII-6,1,2,0.142552,215,215
255,NC_044854_PNA1_GI-6,1,2,0.142552,274,274
256,MW305662_P4_GII-4,1,2,0.142552,26,26
257,JX445162_P4_GII-4,1,2,0.142552,7,7
258,"JN400601_P4_GII-4, JN400610_P4_GII-4, JN400612_P4_GII-4",3,2,0.142552,0 1 2,"0,1,2"
259,MN447470_P16_GII-16,1,2,0.142552,143,143
260,"MF405169_P32_GII-2, MK753015_P2_GII-2, LC122855_P2_GII-2, MH218734_P2_GII-2",4,2,0.142552,299 300 301 302,"299,300,301,302"
261,"MW661277_P16_GII-2, OR793088_P16_GII-2, MK773571_P16_GII-2, MK614137_P16_GII-2, LC726085_P16_GII-2, LC726084_P16_GII-2, OL826943_P16_GII-2, PP267300_P16_GII-2",8,2,0.142552,97 98 99 101 104 105 108 109,"97,98,99,101,104,105,108,109"
262,OR844381_P31_GII-4,1,2,0.142552,47,47
263,"MW661277_P16_GII-2, OR793088_P16_GII-2, MK773571_P16_GII-2, MG745992_P16_GII-2, MK614137_P16_GII-2, LC726085_P16_GII-2, LC726084_P16_GII-2, MK590974_P16_GII-2, OL826943_P16_GII-2, PP267300_P16_GII-2",10,2,0.142552,97 98 99 100 101 104 105 107 108 109,"97,98,99,100,101,104,105,107,108,109"
264,MF140634_P4_GII-4,1,2,0.142552,318,318
265,PV750876_P17_GII-17,1,2,0.142552,187,187
266,PV750877_P17_GII-17,1,2,0.142552,188,188
267,"JN400601_P4_GII-4, JN400610_P4_GII-4, JN400612_P4_GII-4, JN400613_P4_GII-4, AB933662_P4_GII-4, AB933645_P4_GII-4, JX445158_P4_GII-4, JX445162_P4_GII-4, KF429760_P4_GII-4, PV282509_P4_GII-4, PV275065_P4_GII-4, MF140693_P4_GII-4, AB933739_P4_GII-4, AB933743_P4_GII-4, MH218703_P4_GII-4, KJ685402_P4_GII-4, PQ195886_P4_GII-4, PQ208315_P4_GII-4, PQ208326_P4_GII-4, MK753028_P4_GII-4, MW305590_P4_GII-4, MW305655_P4_GII-4, MW305589_P4_GII-4, MW305661_P4_GII-4, MW305653_P4_GII-4, MW305656_P4_GII-4, MW305662_P4_GII-4, MW305594_P4_GII-4, KY424338_P4_GII-4, MW305545_P4_GII-4, KJ407076_P4_GII-4, MF140634_P4_GII-4, MW305567_P4_GII-4, KM198504_P4_GII-4, KC409248_P4_GII-4, KC409253_P4_GII-4, KC175358_P4_GII-4, KC409300_P4_GII-4, KC409290_P4_GII-4, EF202567_P4_GII-4, KM198524_P4_GII-4, JN400603_P4_GII-4, KJ196287_P4_GII-4, HM748971_P4_GII-4, AB933671_P4_GII-4, KJ541743_P4_GII-4, KC175402_P4_GII-4",47,2,0.142552,0 1 2 3 4 5 6 7 8 9 10 11 12 13 14 15 16 17 18 19 20 21 22 23 24 25 26 27 28 29 30 318 319 320 321 322 323 324 325 326 327 328 329 330 331 332 333,"0,1,2,3,4,5,6,7,8,9,10,11,12,13,14,15,16,17,18,19,20,21,22,23,24,25,26,27,28,29,30,318,319,320,321,322,323,324,325,326,327,328,329,330,331,332,333"
268,"MW661277_P16_GII-2, OR793088_P16_GII-2, MK773571_P16_GII-2, MK614137_P16_GII-2, LC726085_P16_GII-2, LC726084_P16_GII-2, MK590974_P16_GII-2, OL826943_P16_GII-2, PP267300_P16_GII-2",9,2,0.142552,97 98 99 101 104 105 107 108 109,"97,98,99,101,104,105,107,108,109"
269,"JF320652_P1_GV-1, EU004682_P1_GV-1, FJ446719_P1_GV-1, EU004664_P1_GV-1, OQ552774_P1, OQ552781_P1, PP550057_P1, PP550062_P1, OQ552772_P1, PP550065_P1_GV-1, JN975498_P1_GV-1, EU004674_P1_GV-1",12,2,0.142552,278 279 280 281 285 286 287 288 289 290 291 292,"278,279,280,281,285,286,287,288,289,290,291,292"
270,"LC699529_P31_GII-4, MW661281_P31_GII-4, OR844381_P31_GII-4, MH218629_P31_GII-4, MH218638_P31_GII-4, LC726075_P31_GII-4, MH979230_P31_GII-4, OM373643_P31_GII-4, OM373200_P31_GII-4, OM368933_P31_GII-4, PQ507178_P31_GII-4, PQ507179_P31_GII-4",12,2,0.142552,40 46 47 49 50 57 58 60 61 62 65 66,"40,46,47,49,50,57,58,60,61,62,65,66"
271,"MK753032_P16_GII-4, KY887600_P16_GII-4, MZ478139_P16_GII-4, MT238670_P16_GII-4, KY887598_P16_GII-3, LC769715_P16_GII-3, LC769689_P16_GII-3, LC769682_P16_GII-3, PX563327_P16_GII-4, MK756038_P16_GII-4, LC769695_P16_GII-4, KY887599_P16_GII-4, PQ195935_P16_GII-4, PQ195936_P16_GII-4, PQ196564_P16_GII-4, PQ215539_P16_GII-4, PQ218566_P16_GII-4, PQ196534_P16_GII-4, PQ209103_P16_GII-4, PQ195932_P16_GII-4, PQ209099_P16_GII-4, MK762637_P16_GII-4, KY210980_P16_GII-4, OQ940080_P16_GII-4, MZ478140_P16_GII-4, MH260483_P16_GII-4, MH260484_P16_GII-4, MK754444_P16_GII-4",28,2,0.142552,110 111 112 113 114 115 116 117 118 119 120 121 123 124 125 126 127 128 129 130 131 132 133 134 135 136 137 142,"110,111,112,113,114,115,116,117,118,119,120,121,123,124,125,126,127,128,129,130,131,132,133,134,135,136,137,142"
272,"JN400601_P4_GII-4, JN400610_P4_GII-4, JN400612_P4_GII-4, JN400613_P4_GII-4, AB933662_P4_GII-4, AB933645_P4_GII-4, JX445158_P4_GII-4, JX445162_P4_GII-4, KF429760_P4_GII-4, PV282509_P4_GII-4, PV275065_P4_GII-4, MF140693_P4_GII-4, AB933739_P4_GII-4, AB933743_P4_GII-4, MH218703_P4_GII-4, KJ685402_P4_GII-4, PQ195886_P4_GII-4, PQ208315_P4_GII-4, PQ208326_P4_GII-4, MK753028_P4_GII-4, MW305590_P4_GII-4, MW305655_P4_GII-4, MW305589_P4_GII-4, MW305661_P4_GII-4, MW305653_P4_GII-4, MW305656_P4_GII-4, MW305662_P4_GII-4, MW305594_P4_GII-4, KY424338_P4_GII-4, MW305545_P4_GII-4, KJ407076_P4_GII-4, FJ537137_P12_GII-4, KJ196276_P12_GII-13, PQ195913_P31_GII-4, MH218733_P31_GII-2, OR262326_P31_GII-4, OR262327_P31_GII-4, PV275055_P31_GII-4, PV275068_P31_GII-4, MN703761_P31_GII-4, LC699529_P31_GII-4, MT474043_P31_GII-4, MN308017_P31_GII-4, PV282507_P31_GII-4, MN308009_P31_GII-4, MT726225_P31_GII-4, MW661281_P31_GII-4, OR844381_P31_GII-4, OL721917_P31_GII-4, MH218629_P31_GII-4, MH218638_P31_GII-4, KT202797_P31_GII-4, KJ196296_P31_GII-4, KJ196281_P31_GII-4, LC122811_P31_GII-4, MW305738_P31_GII-4, PQ557603_P31_GII-4, LC726075_P31_GII-4, MH979230_P31_GII-4, LC133344_P31_GII-4, OM373643_P31_GII-4, OM373200_P31_GII-4, OM368933_P31_GII-4, LC122806_P31_GII-4, KY424329_P31_GII-4, PQ507178_P31_GII-4, PQ507179_P31_GII-4, LC744879_P31_GII-4, KY442319_P41_GII-3, KY442320_P41_GII-3, MW305574_P41_GII-3, MZ265063_P33_GII-1, FJ537134_P39_GII-4, FJ537138_P39_GII-4, FJ537135_PNA3_GII-4, MW305583_PNA3_GII-4, PQ557606_P31_GII-4, FJ537136_P12_GII-4, LC122743_P12_GII-3, LC122758_P12_GII-3, PQ559816_P12_GII-3, PQ195934_P12_GII-4, LC726063_P12_GII-3, LC122751_P12_GII-3, LC122767_P12_GII-4, LC122766_P12_GII-4, LC122772_P12_GII-4, KJ196294_P12_GII-12, KJ196282_P12_GII-12, KJ196299_P12_GII-12, LC122726_P12_GII-12, LC122725_P12_GII-12, MF140634_P4_GII-4, MW305567_P4_GII-4, KM198504_P4_GII-4, KC409248_P4_GII-4, KC409253_P4_GII-4, KC175358_P4_GII-4, KC409300_P4_GII-4, KC409290_P4_GII-4, EF202567_P4_GII-4, KM198524_P4_GII-4, JN400603_P4_GII-4, KJ196287_P4_GII-4, HM748971_P4_GII-4, AB933671_P4_GII-4, KJ541743_P4_GII-4, KC175402_P4_GII-4",108,2,0.142552,0 1 2 3 4 5 6 7 8 9 10 11 12 13 14 15 16 17 18 19 20 21 22 23 24 25 26 27 28 29 30 31 32 33 34 35 36 37 38 39 40 41 42 43 44 45 46 47 48 49 50 51 52 53 54 55 56 57 58 59 60 61 62 63 64 65 66 67 69 70 71 72 73 74 75 76 122 303 304 305 306 307 308 309 310 311 312 313 314 315 316 317 318 319 320 321 322 323 324 325 326 327 328 329 330 331 332 333,"0,1,2,3,4,5,6,7,8,9,10,11,12,13,14,15,16,17,18,19,20,21,22,23,24,25,26,27,28,29,30,31,32,33,34,35,36,37,38,39,40,41,42,43,44,45,46,47,48,49,50,51,52,53,54,55,56,57,58,59,60,61,62,63,64,65,66,67,69,70,71,72,73,74,75,76,122,303,304,305,306,307,308,309,310,311,312,313,314,315,316,317,318,319,320,321,322,323,324,325,326,327,328,329,330,331,332,333"
273,LC122876_P7_GII-14,1,2,0.142552,231,231
274,GU017903_P7_GII-14,1,2,0.142552,235,235
275,LC726075_P31_GII-4,1,2,0.142552,57,57
276,"MK756038_P16_GII-4, KY887599_P16_GII-4",2,2,0.142552,119 121,"119,121"
277,OP205536_P17_GII-17,1,2,0.142552,157,157
278,"JN400601_P4_GII-4, JN400610_P4_GII-4, JN400612_P4_GII-4, JN400613_P4_GII-4, AB933662_P4_GII-4, AB933645_P4_GII-4, JX445158_P4_GII-4, JX445162_P4_GII-4, KF429760_P4_GII-4, PV282509_P4_GII-4, PV275065_P4_GII-4, MF140693_P4_GII-4, AB933739_P4_GII-4, AB933743_P4_GII-4, MH218703_P4_GII-4, KJ685402_P4_GII-4, PQ195886_P4_GII-4, PQ208315_P4_GII-4, PQ208326_P4_GII-4, MK753028_P4_GII-4, MW305590_P4_GII-4, MW305655_P4_GII-4, MW305589_P4_GII-4, MW305661_P4_GII-4, MW305653_P4_GII-4, MW305656_P4_GII-4, MW305662_P4_GII-4, MW305594_P4_GII-4, KY424338_P4_GII-4, MW305545_P4_GII-4, KJ407076_P4_GII-4, FJ537137_P12_GII-4, KJ196276_P12_GII-13, PQ195913_P31_GII-4, MH218733_P31_GII-2, OR262326_P31_GII-4, OR262327_P31_GII-4, PV275055_P31_GII-4, PV275068_P31_GII-4, MN703761_P31_GII-4, LC699529_P31_GII-4, MT474043_P31_GII-4, MN308017_P31_GII-4, PV282507_P31_GII-4, MN308009_P31_GII-4, MT726225_P31_GII-4, MW661281_P31_GII-4, OR844381_P31_GII-4, OL721917_P31_GII-4, MH218629_P31_GII-4, MH218638_P31_GII-4, KT202797_P31_GII-4, KJ196296_P31_GII-4, KJ196281_P31_GII-4, LC122811_P31_GII-4, MW305738_P31_GII-4, PQ557603_P31_GII-4, LC726075_P31_GII-4, MH979230_P31_GII-4, LC133344_P31_GII-4, OM373643_P31_GII-4, OM373200_P31_GII-4, OM368933_P31_GII-4, LC122806_P31_GII-4, KY424329_P31_GII-4, PQ507178_P31_GII-4, PQ507179_P31_GII-4, LC744879_P31_GII-4, KY442319_P41_GII-3, KY442320_P41_GII-3, MW305574_P41_GII-3, MZ265063_P33_GII-1, FJ537134_P39_GII-4, FJ537138_P39_GII-4, FJ537135_PNA3_GII-4, MW305583_PNA3_GII-4, KM198509_P21_GII-3, KM198547_P21_GII-3, OP205577_P21_GII-3, MH218577_P21_GII-3, MW305600_P21_GII-2, LC122739_P21_GII-1, MH218573_P21_GII-3, MH218584_P21_GII-3, OR536471_P21_GII-3, OR536485_P21_GII-3, OR536496_P21_GII-3, PQ557606_P31_GII-4, FJ537136_P12_GII-4, LC122743_P12_GII-3, LC122758_P12_GII-3, PQ559816_P12_GII-3, PQ195934_P12_GII-4, LC726063_P12_GII-3, LC122751_P12_GII-3, LC122767_P12_GII-4, LC122766_P12_GII-4, LC122772_P12_GII-4, KJ196294_P12_GII-12, KJ196282_P12_GII-12, KJ196299_P12_GII-12, LC122726_P12_GII-12, LC122725_P12_GII-12, MF140634_P4_GII-4, MW305567_P4_GII-4, KM198504_P4_GII-4, KC409248_P4_GII-4, KC409253_P4_GII-4, KC175358_P4_GII-4, KC409300_P4_GII-4, KC409290_P4_GII-4, EF202567_P4_GII-4, KM198524_P4_GII-4, JN400603_P4_GII-4, KJ196287_P4_GII-4, HM748971_P4_GII-4, AB933671_P4_GII-4, KJ541743_P4_GII-4, KC175402_P4_GII-4",119,2,0.142552,0 1 2 3 4 5 6 7 8 9 10 11 12 13 14 15 16 17 18 19 20 21 22 23 24 25 26 27 28 29 30 31 32 33 34 35 36 37 38 39 40 41 42 43 44 45 46 47 48 49 50 51 52 53 54 55 56 57 58 59 60 61 62 63 64 65 66 67 69 70 71 72 73 74 75 76 77 78 79 80 81 82 83 84 85 86 87 122 303 304 305 306 307 308 309 310 311 312 313 314 315 316 317 318 319 320 321 322 323 324 325 326 327 328 329 330 331 332 333,"0,1,2,3,4,5,6,7,8,9,10,11,12,13,14,15,16,17,18,19,20,21,22,23,24,25,26,27,28,29,30,31,32,33,34,35,36,37,38,39,40,41,42,43,44,45,46,47,48,49,50,51,52,53,54,55,56,57,58,59,60,61,62,63,64,65,66,67,69,70,71,72,73,74,75,76,77,78,79,80,81,82,83,84,85,86,87,122,303,304,305,306,307,308,309,310,311,312,313,314,315,316,317,318,319,320,321,322,323,324,325,326,327,328,329,330,331,332,333"
279,"OM991740_P2_GIII-2, OK032546_P2_GIII-2, MW305507_P10_GI-3, MW305510_P3_GI-3, MH218727_P3_GI-3, MW305492_P13_GI-3, MT526277_P13_GI-3, PQ582089_P13_GI-3, LC769687_P13_GI-3, LC769711_P13_GI-3, OR065043_P7_GI-7, MW305508_P7, MZ229330_P4_GI-4, LC122711_P4_GI-4, LC342057_PNA4_GI-6, LC342058_PNA4_GI-6, LC122698_P6_GI-6, JX023285_P1_GI-1, KF429770_P1_GI-1, KF429761_P1_GI-1, KF429774_P1_GI-1, KF429783_P1_GI-1, KF429789_P1_GI-1, KF039729_P1_GI-1, KF429765_P1_GI-1, PX458208_P1, PX458233_P1, PX458194_P1_GI-1, PV242316_P1_GI-1, PX458229_P1_GI-1, PX458213_P1_GI-1, PV242300_P1_GI-1, KF039730_P1_GI-1, MT372464_P2_GI-2, NC_044854_PNA1_GI-6, MN226991_P11_GI-6, OR268206_P11_GI-6, OR268635_P11_GI-6",38,2,0.142552,237 238 242 243 244 245 246 247 248 249 250 251 252 253 254 255 256 257 258 259 260 261 262 263 264 265 266 267 268 269 270 271 272 273 274 275 276 277,"237,238,242,243,244,245,246,247,248,249,250,251,252,253,254,255,256,257,258,259,260,261,262,263,264,265,266,267,268,269,270,271,272,273,274,275,276,277"
280,"PQ559816_P12_GII-3, PQ195934_P12_GII-4, LC726063_P12_GII-3",3,2,0.142552,306 307 308,"306,307,308"
281,"KY424346_P7_GII-6, KY424347_P7_GII-6, MW305581_P7_GII-6, MW305598_P6_GII-6, LC122927_P6_GII-6, LC122932_P6_GII-6",6,2,0.142552,218 219 220 221 222 223,"218,219,220,221,222,223"
282,"LC877034_P7_GII-7, LC877024_P7_GII-7, PV806173_P7_GII-7, KJ196295_P7_GII-7, JX846927_P7_GII-6, MW305599_P7_GII-6, LC122922_P7_GII-6, MW305555_P7_GII-6, MW305511_P7_GII-6, MW305547_P7_GII-6, MW305523_P7_GII-6, MW305616_P7_GII-6, MT227832_P7_GII-6, MT158850_P7_GII-6, KY424346_P7_GII-6, KY424347_P7_GII-6, MW305581_P7_GII-6, MW305598_P6_GII-6, LC122927_P6_GII-6, LC122932_P6_GII-6, MW305514_P7_GII-9, OR536456_P7_GII-14, OR536457_P7_GII-14, OR536458_P7_GII-14, MW305698_P7_GII-14, LC122877_P7_GII-14, LC122861_P7_GII-14, LC122876_P7_GII-14, MW305671_P7_GII-14, LC122881_P7_GII-14, MZ272053_P7_GII-14, GU017903_P7_GII-14, PV174243_P7_GII-6",33,2,0.142552,204 205 206 207 208 209 210 211 212 213 214 215 216 217 218 219 220 221 222 223 224 225 226 227 228 229 230 231 232 233 234 235 236,"204,205,206,207,208,209,210,211,212,213,214,215,216,217,218,219,220,221,222,223,224,225,226,227,228,229,230,231,232,233,234,235,236"
283,"LC209479_P16_GII-2, MW305714_P16_GII-13, MK753009_P16_GII-13, MH702267_P16_GII-3, PP825703_P16_GII-3, MK753008_P16_GII-13, OP686903_P16_GII-10, OL898507_P16_GII-2, MW661277_P16_GII-2, OR793088_P16_GII-2, MK773571_P16_GII-2, MG745992_P16_GII-2, MK614137_P16_GII-2, PV394761_P16_GII-16, PV394768_P16_GII-16, LC726085_P16_GII-2, LC726084_P16_GII-2, OP205557_P16_GII-3, MK590974_P16_GII-2, OL826943_P16_GII-2, PP267300_P16_GII-2, MK753032_P16_GII-4, KY887600_P16_GII-4, MZ478139_P16_GII-4, MT238670_P16_GII-4, KY887598_P16_GII-3, LC769715_P16_GII-3, LC769689_P16_GII-3, LC769682_P16_GII-3, PX563327_P16_GII-4, MK756038_P16_GII-4, LC769695_P16_GII-4, KY887599_P16_GII-4, PQ195935_P16_GII-4, PQ195936_P16_GII-4, PQ196564_P16_GII-4, PQ215539_P16_GII-4, PQ218566_P16_GII-4, PQ196534_P16_GII-4, PQ209103_P16_GII-4, PQ195932_P16_GII-4, PQ209099_P16_GII-4, MK762637_P16_GII-4, KY210980_P16_GII-4, OQ940080_P16_GII-4, MZ478140_P16_GII-4, MH260483_P16_GII-4, MH260484_P16_GII-4, PV746275_P16_GII-4, PV746278_P16_GII-4, PP661667_P16_GII-4, PP549880_P16_GII-4, MK754444_P16_GII-4, MN447470_P16_GII-16, LC145791_P16_GII-2, KJ196288_P5_GII-5, OP609646_P16_GII-10, KJ196286_P16_GII-17",58,2,0.142552,88 89 90 92 93 94 95 96 97 98 99 100 101 102 103 104 105 106 107 108 109 110 111 112 113 114 115 116 117 118 119 120 121 123 124 125 126 127 128 129 130 131 132 133 134 135 136 137 138 139 140 141 142 143 144 145 146 147,"88,89,90,92,93,94,95,96,97,98,99,100,101,102,103,104,105,106,107,108,109,110,111,112,113,114,115,116,117,118,119,120,121,123,124,125,126,127,128,129,130,131,132,133,134,135,136,137,138,139,140,141,142,143,144,145,146,147"
284,"OR793088_P16_GII-2, MK773571_P16_GII-2, LC726085_P16_GII-2, OL826943_P16_GII-2, PP267300_P16_GII-2",5,2,0.142552,98 99 104 108 109,"98,99,104,108,109"
285,"LC877034_P7_GII-7, LC877024_P7_GII-7, PV806173_P7_GII-7, KJ196295_P7_GII-7, JX846927_P7_GII-6, MW305698_P7_GII-14, LC122877_P7_GII-14, LC122861_P7_GII-14, LC122876_P7_GII-14, MW305671_P7_GII-14, LC122881_P7_GII-14, MZ272053_P7_GII-14, GU017903_P7_GII-14",13,2,0.142552,204 205 206 207 208 228 229 230 231 232 233 234 235,"204,205,206,207,208,228,229,230,231,232,233,234,235"
286,"MN703761_P31_GII-4, MT726225_P31_GII-4",2,2,0.142552,39 45,"39,45"
287,"KF429760_P4_GII-4, PV282509_P4_GII-4, PV275065_P4_GII-4, MF140693_P4_GII-4, AB933739_P4_GII-4, AB933743_P4_GII-4, MH218703_P4_GII-4, KJ685402_P4_GII-4, PQ195886_P4_GII-4, PQ208315_P4_GII-4, PQ208326_P4_GII-4, MK753028_P4_GII-4, MF140634_P4_GII-4, MW305567_P4_GII-4",14,2,0.142552,8 9 10 11 12 13 14 15 16 17 18 19 318 319,"8,9,10,11,12,13,14,15,16,17,18,19,318,319"
288,KC175358_P4_GII-4,1,2,0.142552,323,323
289,LC122725_P12_GII-12,1,2,0.142552,317,317
290,"LC122877_P7_GII-14, LC122861_P7_GII-14, LC122876_P7_GII-14, MW305671_P7_GII-14, LC122881_P7_GII-14",5,2,0.142552,229 230 231 232 233,"229,230,231,232,233"
291,MW305492_P13_GI-3,1,2,0.142552,245,245
292,PX458208_P1,1,2,0.142552,265,265
293,PX458233_P1,1,2,0.142552,266,266
294,"MK614137_P16_GII-2, LC726084_P16_GII-2",2,2,0.142552,101 105,"101,105"
295,"MH218703_P4_GII-4, KJ685402_P4_GII-4",2,2,0.142552,14 15,"14,15"
296,FJ537138_P39_GII-4,1,2,0.142552,74,74
297,PQ209103_P16_GII-4,1,2,0.142552,129,129
298,MW305656_P4_GII-4,1,2,0.142552,25,25
299,KJ196276_P12_GII-13,1,2,0.142552,32,32
300,OQ190312_P25_GII-3,1,2,0.142552,295,295
301,"KY442319_P41_GII-3, KY442320_P41_GII-3",2,2,0.142552,69 70,"69,70"
302,LC122855_P2_GII-2,1,2,0.142552,301,301
303,MH218734_P2_GII-2,1,2,0.142552,302,302
304,MH218577_P21_GII-3,1,2,0.142552,80,80
305,"OR262326_P31_GII-4, OR262327_P31_GII-4, PV275055_P31_GII-4, PV275068_P31_GII-4",4,2,0.142552,35 36 37 38,"35,36,37,38"
306,"OR546394_P8_GII-8, OR546396_P8_GII-8, MW305573_P36_GII-7, LC877034_P7_GII-7, LC877024_P7_GII-7, PV806173_P7_GII-7, KJ196295_P7_GII-7, MW305514_P7_GII-9, OR536456_P7_GII-14, OR536457_P7_GII-14, OR536458_P7_GII-14, MW305698_P7_GII-14, LC122877_P7_GII-14, LC122861_P7_GII-14, LC122876_P7_GII-14, MW305671_P7_GII-14, LC122881_P7_GII-14, MZ272053_P7_GII-14, GU017903_P7_GII-14",19,2,0.142552,197 198 199 204 205 206 207 224 225 226 227 228 229 230 231 232 233 234 235,"197,198,199,204,205,206,207,224,225,226,227,228,229,230,231,232,233,234,235"
307,"PQ195935_P16_GII-4, PQ195936_P16_GII-4, PQ196564_P16_GII-4, PQ215539_P16_GII-4, PQ218566_P16_GII-4, PQ196534_P16_GII-4, PQ209103_P16_GII-4, PQ209099_P16_GII-4, PQ195934_P12_GII-4",9,2,0.142552,123 124 125 126 127 128 129 131 307,"123,124,125,126,127,128,129,131,307"
308,"PV394761_P16_GII-16, PV394768_P16_GII-16, MN447470_P16_GII-16",3,2,0.142552,102 103 143,"102,103,143"
309,"MK753032_P16_GII-4, KY887600_P16_GII-4, MZ478139_P16_GII-4, MT238670_P16_GII-4, PX563327_P16_GII-4, MK756038_P16_GII-4, LC769695_P16_GII-4, KY887599_P16_GII-4, PQ557606_P31_GII-4, PQ195935_P16_GII-4, PQ195936_P16_GII-4, PQ196564_P16_GII-4, PQ215539_P16_GII-4, PQ218566_P16_GII-4, PQ196534_P16_GII-4, PQ209103_P16_GII-4, PQ195932_P16_GII-4, PQ209099_P16_GII-4, MK762637_P16_GII-4, KY210980_P16_GII-4, OQ940080_P16_GII-4, MZ478140_P16_GII-4, MH260483_P16_GII-4, MH260484_P16_GII-4, PV746275_P16_GII-4, PV746278_P16_GII-4, PP661667_P16_GII-4, PP549880_P16_GII-4, MK754444_P16_GII-4, PQ195934_P12_GII-4",30,2,0.142552,110 111 112 113 118 119 120 121 122 123 124 125 126 127 128 129 130 131 132 133 134 135 136 137 138 139 140 141 142 307,"110,111,112,113,118,119,120,121,122,123,124,125,126,127,128,129,130,131,132,133,134,135,136,137,138,139,140,141,142,307"
310,"PV282509_P4_GII-4, PV275065_P4_GII-4, MF140693_P4_GII-4, AB933739_P4_GII-4, AB933743_P4_GII-4, MH218703_P4_GII-4, KJ685402_P4_GII-4, PQ195886_P4_GII-4, PQ208315_P4_GII-4, PQ208326_P4_GII-4, MK753028_P4_GII-4, PQ195913_P31_GII-4, OR262326_P31_GII-4, OR262327_P31_GII-4, PV275055_P31_GII-4, PV275068_P31_GII-4, MN703761_P31_GII-4, LC699529_P31_GII-4, MT474043_P31_GII-4, MN308017_P31_GII-4, PV282507_P31_GII-4, MN308009_P31_GII-4, MT726225_P31_GII-4, MW661281_P31_GII-4, OR844381_P31_GII-4, OL721917_P31_GII-4, MH218629_P31_GII-4, MH218638_P31_GII-4, KT202797_P31_GII-4, KJ196296_P31_GII-4, KJ196281_P31_GII-4, LC122811_P31_GII-4, MW305738_P31_GII-4, PQ557603_P31_GII-4, LC726075_P31_GII-4, MH979230_P31_GII-4, LC133344_P31_GII-4, OM373643_P31_GII-4, OM373200_P31_GII-4, OM368933_P31_GII-4, LC122806_P31_GII-4, KY424329_P31_GII-4, PQ507178_P31_GII-4, PQ507179_P31_GII-4, LC744879_P31_GII-4, MK753032_P16_GII-4, KY887600_P16_GII-4, MZ478139_P16_GII-4, MT238670_P16_GII-4, PX563327_P16_GII-4, MK756038_P16_GII-4, LC769695_P16_GII-4, KY887599_P16_GII-4, PQ557606_P31_GII-4, PQ195935_P16_GII-4, PQ195936_P16_GII-4, PQ196564_P16_GII-4, PQ215539_P16_GII-4, PQ218566_P16_GII-4, PQ196534_P16_GII-4, PQ209103_P16_GII-4, PQ195932_P16_GII-4, PQ209099_P16_GII-4, MK762637_P16_GII-4, KY210980_P16_GII-4, OQ940080_P16_GII-4, MZ478140_P16_GII-4, MH260483_P16_GII-4, MH260484_P16_GII-4, PV746275_P16_GII-4, PV746278_P16_GII-4, PP661667_P16_GII-4, PP549880_P16_GII-4, MK754444_P16_GII-4, PQ195934_P12_GII-4, MF140634_P4_GII-4",76,2,0.142552,9 10 11 12 13 14 15 16 17 18 19 33 35 36 37 38 39 40 41 42 43 44 45 46 47 48 49 50 51 52 53 54 55 56 57 58 59 60 61 62 63 64 65 66 67 110 111 112 113 118 119 120 121 122 123 124 125 126 127 128 129 130 131 132 133 134 135 136 137 138 139 140 141 142 307 318,"9,10,11,12,13,14,15,16,17,18,19,33,35,36,37,38,39,40,41,42,43,44,45,46,47,48,49,50,51,52,53,54,55,56,57,58,59,60,61,62,63,64,65,66,67,110,111,112,113,118,119,120,121,122,123,124,125,126,127,128,129,130,131,132,133,134,135,136,137,138,139,140,141,142,307,318"
311,"KJ196276_P12_GII-13, MW305714_P16_GII-13, MK753009_P16_GII-13, MK753008_P16_GII-13",4,2,0.142552,32 89 90 94,"32,89,90,94"
312,"FJ537134_P39_GII-4, FJ537138_P39_GII-4",2,2,0.142552,73 74,"73,74"
313,MW305726_P3_GII-3,1,2,0.142552,152,152
314,MG572732_P26_GII-26,1,2,0.142552,294,294
315,"LC342059_PNA7_GII-12, MZ265063_P33_GII-1, LC122739_P21_GII-1, PV394761_P16_GII-16, PV394768_P16_GII-16, MN447470_P16_GII-16, MK733201_P26_GII-12, KJ196294_P12_GII-12, KJ196282_P12_GII-12, KJ196299_P12_GII-12, LC122726_P12_GII-12, LC122725_P12_GII-12",12,2,0.142552,68 72 82 102 103 143 293 313 314 315 316 317,"68,72,82,102,103,143,293,313,314,315,316,317"
316,PV765587_P17_GII-17,1,1,0.071276,177,177
317,MT158850_P7_GII-6,1,1,0.071276,217,217
318,"MW305555_P7_GII-6, MW305511_P7_GII-6, MW305547_P7_GII-6, MW305523_P7_GII-6, MW305616_P7_GII-6, MT227832_P7_GII-6, MT158850_P7_GII-6",7,1,0.071276,211 212 213 214 215 216 217,"211,212,213,214,215,216,217"
319,"MW305600_P21_GII-2, LC122739_P21_GII-1",2,1,0.071276,81 82,"81,82"
320,JF320652_P1_GV-1,1,1,0.071276,278,278
321,KF429770_P1_GI-1,1,1,0.071276,258,258
322,"MW261789_P15_GIX-1, OL685296_P15_GIX-1, OL685300_P15_GIX-1, OL685303_P15_GIX-1, LC877034_P7_GII-7, LC877024_P7_GII-7, PV806173_P7_GII-7, KJ196295_P7_GII-7, JX846927_P7_GII-6, MW305599_P7_GII-6, LC122922_P7_GII-6, MW305555_P7_GII-6, MW305511_P7_GII-6, MW305547_P7_GII-6, MW305523_P7_GII-6, MW305616_P7_GII-6, MT227832_P7_GII-6, MT158850_P7_GII-6, KY424346_P7_GII-6, KY424347_P7_GII-6, MW305581_P7_GII-6, MW305598_P6_GII-6, LC122927_P6_GII-6, LC122932_P6_GII-6, MW305514_P7_GII-9, OR536456_P7_GII-14, OR536457_P7_GII-14, OR536458_P7_GII-14, MW305698_P7_GII-14, LC122877_P7_GII-14, LC122861_P7_GII-14, LC122876_P7_GII-14, MW305671_P7_GII-14, LC122881_P7_GII-14, MZ272053_P7_GII-14, GU017903_P7_GII-14, PV174243_P7_GII-6",37,1,0.071276,200 201 202 203 204 205 206 207 208 209 210 211 212 213 214 215 216 217 218 219 220 221 222 223 224 225 226 227 228 229 230 231 232 233 234 235 236,"200,201,202,203,204,205,206,207,208,209,210,211,212,213,214,215,216,217,218,219,220,221,222,223,224,225,226,227,228,229,230,231,232,233,234,235,236"
323,"PQ373128_P17_GII-17, OP205536_P17_GII-17, PQ373124_P17_GII-17, MT729791_P17_GII-17, LC369214_P17_GII-17, KU557784_P17_GII-17, KT780413_P17_GII-17, LC369217_P17_GII-17, MK789431_P17_GII-17, KT780410_P17_GII-17, LC644992_P17_GII-17, MF421541_P17_GII-17, MT158860_P17_GII-17, PV920371_P17_GII-17, PQ336869_P17_GII-17, MK282257_P17_GII-17",16,1,0.071276,156 157 158 159 160 161 162 163 164 165 166 167 168 169 170 171,"156,157,158,159,160,161,162,163,164,165,166,167,168,169,170,171"
324,MZ478139_P16_GII-4,1,1,0.071276,112,112
325,MK762637_P16_GII-4,1,1,0.071276,132,132
326,MZ478140_P16_GII-4,1,1,0.071276,135,135
327,"LC122743_P12_GII-3, LC122758_P12_GII-3, PQ559816_P12_GII-3, PQ195934_P12_GII-4, LC726063_P12_GII-3, LC122751_P12_GII-3, LC122767_P12_GII-4, LC122766_P12_GII-4, LC122772_P12_GII-4, KJ196294_P12_GII-12, KJ196282_P12_GII-12, KJ196299_P12_GII-12, LC122726_P12_GII-12, LC122725_P12_GII-12",14,1,0.071276,304 305 306 307 308 309 310 311 312 313 314 315 316 317,"304,305,306,307,308,309,310,311,312,313,314,315,316,317"
328,"JN400601_P4_GII-4, JN400610_P4_GII-4, JN400612_P4_GII-4, JN400613_P4_GII-4, AB933662_P4_GII-4, AB933645_P4_GII-4, JX445158_P4_GII-4, JX445162_P4_GII-4, KF429760_P4_GII-4, PV282509_P4_GII-4, PV275065_P4_GII-4, MF140693_P4_GII-4, AB933739_P4_GII-4, AB933743_P4_GII-4, MH218703_P4_GII-4, KJ685402_P4_GII-4, PQ195886_P4_GII-4, PQ208315_P4_GII-4, PQ208326_P4_GII-4, MK753028_P4_GII-4, MW305590_P4_GII-4, MW305655_P4_GII-4, MW305589_P4_GII-4, MW305661_P4_GII-4, MW305653_P4_GII-4, MW305656_P4_GII-4, MW305662_P4_GII-4, MW305594_P4_GII-4, KY424338_P4_GII-4, MW305545_P4_GII-4, KJ407076_P4_GII-4, FJ537137_P12_GII-4, KJ196276_P12_GII-13, PQ195913_P31_GII-4, MH218733_P31_GII-2, OR262326_P31_GII-4, OR262327_P31_GII-4, PV275055_P31_GII-4, PV275068_P31_GII-4, MN703761_P31_GII-4, LC699529_P31_GII-4, MT474043_P31_GII-4, MN308017_P31_GII-4, PV282507_P31_GII-4, MN308009_P31_GII-4, MT726225_P31_GII-4, MW661281_P31_GII-4, OR844381_P31_GII-4, OL721917_P31_GII-4, MH218629_P31_GII-4, MH218638_P31_GII-4, KT202797_P31_GII-4, KJ196296_P31_GII-4, KJ196281_P31_GII-4, LC122811_P31_GII-4, MW305738_P31_GII-4, PQ557603_P31_GII-4, LC726075_P31_GII-4, MH979230_P31_GII-4, LC133344_P31_GII-4, OM373643_P31_GII-4, OM373200_P31_GII-4, OM368933_P31_GII-4, LC122806_P31_GII-4, KY424329_P31_GII-4, PQ507178_P31_GII-4, PQ507179_P31_GII-4, LC744879_P31_GII-4, FJ537136_P12_GII-4, LC122743_P12_GII-3, LC122758_P12_GII-3, PQ559816_P12_GII-3, PQ195934_P12_GII-4, LC726063_P12_GII-3, LC122751_P12_GII-3, LC122767_P12_GII-4, LC122766_P12_GII-4, LC122772_P12_GII-4, KJ196294_P12_GII-12, KJ196282_P12_GII-12, KJ196299_P12_GII-12, LC122726_P12_GII-12, LC122725_P12_GII-12, MF140634_P4_GII-4, MW305567_P4_GII-4, KM198504_P4_GII-4, KC409248_P4_GII-4, KC409253_P4_GII-4, KC175358_P4_GII-4, KC409300_P4_GII-4, KC409290_P4_GII-4, EF202567_P4_GII-4, KM198524_P4_GII-4, JN400603_P4_GII-4, KJ196287_P4_GII-4, HM748971_P4_GII-4, AB933671_P4_GII-4, KJ541743_P4_GII-4, KC175402_P4_GII-4",99,1,0.071276,0 1 2 3 4 5 6 7 8 9 10 11 12 13 14 15 16 17 18 19 20 21 22 23 24 25 26 27 28 29 30 31 32 33 34 35 36 37 38 39 40 41 42 43 44 45 46 47 48 49 50 51 52 53 54 55 56 57 58 59 60 61 62 63 64 65 66 67 303 304 305 306 307 308 309 310 311 312 313 314 315 316 317 318 319 320 321 322 323 324 325 326 327 328 329 330 331 332 333,"0,1,2,3,4,5,6,7,8,9,10,11,12,13,14,15,16,17,18,19,20,21,22,23,24,25,26,27,28,29,30,31,32,33,34,35,36,37,38,39,40,41,42,43,44,45,46,47,48,49,50,51,52,53,54,55,56,57,58,59,60,61,62,63,64,65,66,67,303,304,305,306,307,308,309,310,311,312,313,314,315,316,317,318,319,320,321,322,323,324,325,326,327,328,329,330,331,332,333"
329,"MN308009_P31_GII-4, MT726225_P31_GII-4",2,1,0.071276,44 45,"44,45"
330,"OL826943_P16_GII-2, PP267300_P16_GII-2",2,1,0.071276,108 109,"108,109"
331,"LC877034_P7_GII-7, LC877024_P7_GII-7, PV806173_P7_GII-7, PV174243_P7_GII-6",4,1,0.071276,204 205 206 236,"204,205,206,236"
332,"MN703761_P31_GII-4, LC699529_P31_GII-4, MT474043_P31_GII-4, MN308017_P31_GII-4, PV282507_P31_GII-4, MN308009_P31_GII-4, MT726225_P31_GII-4, MW661281_P31_GII-4, OR844381_P31_GII-4, OL721917_P31_GII-4, MH218629_P31_GII-4, MH218638_P31_GII-4, KT202797_P31_GII-4, KJ196296_P31_GII-4, KJ196281_P31_GII-4, LC122811_P31_GII-4, MW305738_P31_GII-4, PQ557603_P31_GII-4, LC726075_P31_GII-4, MH979230_P31_GII-4, LC133344_P31_GII-4, OM373643_P31_GII-4, OM373200_P31_GII-4, OM368933_P31_GII-4, LC122806_P31_GII-4, PQ507178_P31_GII-4, PQ507179_P31_GII-4, LC744879_P31_GII-4",28,1,0.071276,39 40 41 42 43 44 45 46 47 48 49 50 51 52 53 54 55 56 57 58 59 60 61 62 63 65 66 67,"39,40,41,42,43,44,45,46,47,48,49,50,51,52,53,54,55,56,57,58,59,60,61,62,63,65,66,67"
333,"JX023285_P1_GI-1, KF429770_P1_GI-1, KF429761_P1_GI-1, KF429774_P1_GI-1, KF429783_P1_GI-1, KF429789_P1_GI-1, KF039729_P1_GI-1, KF429765_P1_GI-1, PX458208_P1, PX458233_P1, PX458194_P1_GI-1, PV242316_P1_GI-1, PX458229_P1_GI-1, PX458213_P1_GI-1, PV242300_P1_GI-1, KF039730_P1_GI-1, MT372464_P2_GI-2, NC_044854_PNA1_GI-6, MN226991_P11_GI-6, OR268206_P11_GI-6, OR268635_P11_GI-6",21,1,0.071276,257 258 259 260 261 262 263 264 265 266 267 268 269 270 271 272 273 274 275 276 277,"257,258,259,260,261,262,263,264,265,266,267,268,269,270,271,272,273,274,275,276,277"
334,"LC209479_P16_GII-2, MW305714_P16_GII-13, MK753009_P16_GII-13, MH702267_P16_GII-3, PP825703_P16_GII-3, MK753008_P16_GII-13",6,1,0.071276,88 89 90 92 93 94,"88,89,90,92,93,94"
335,"PV394761_P16_GII-16, PV394768_P16_GII-16, OP205557_P16_GII-3, PV746275_P16_GII-4, PV746278_P16_GII-4, PP661667_P16_GII-4, PP549880_P16_GII-4",7,1,0.071276,102 103 106 138 139 140 141,"102,103,106,138,139,140,141"
336,"LC769695_P16_GII-4, PQ195935_P16_GII-4, PQ195936_P16_GII-4, PQ196564_P16_GII-4, PQ215539_P16_GII-4, PQ218566_P16_GII-4, PQ196534_P16_GII-4, PQ209103_P16_GII-4, PQ209099_P16_GII-4",9,1,0.071276,120 123 124 125 126 127 128 129 131,"120,123,124,125,126,127,128,129,131"
337,"LC342059_PNA7_GII-12, KM198509_P21_GII-3, KM198547_P21_GII-3, OP205577_P21_GII-3, MH218577_P21_GII-3, MW305600_P21_GII-2, LC122739_P21_GII-1, MH218573_P21_GII-3, MH218584_P21_GII-3, OR536471_P21_GII-3, OR536485_P21_GII-3, OR536496_P21_GII-3",12,1,0.071276,68 77 78 79 80 81 82 83 84 85 86 87,"68,77,78,79,80,81,82,83,84,85,86,87"
338,"PQ195913_P31_GII-4, MH218733_P31_GII-2, OR262326_P31_GII-4, OR262327_P31_GII-4, PV275055_P31_GII-4, PV275068_P31_GII-4, MN703761_P31_GII-4, LC699529_P31_GII-4, MT474043_P31_GII-4, MN308017_P31_GII-4, PV282507_P31_GII-4, MN308009_P31_GII-4, MT726225_P31_GII-4, MW661281_P31_GII-4, OR844381_P31_GII-4, OL721917_P31_GII-4, MH218629_P31_GII-4, MH218638_P31_GII-4, KT202797_P31_GII-4, KJ196296_P31_GII-4, KJ196281_P31_GII-4, LC122811_P31_GII-4, MW305738_P31_GII-4, PQ557603_P31_GII-4, LC726075_P31_GII-4, MH979230_P31_GII-4, LC133344_P31_GII-4, OM373643_P31_GII-4, OM373200_P31_GII-4, OM368933_P31_GII-4, LC122806_P31_GII-4, KY424329_P31_GII-4, PQ507178_P31_GII-4, PQ507179_P31_GII-4, LC744879_P31_GII-4",35,1,0.071276,33 34 35 36 37 38 39 40 41 42 43 44 45 46 47 48 49 50 51 52 53 54 55 56 57 58 59 60 61 62 63 64 65 66 67,"33,34,35,36,37,38,39,40,41,42,43,44,45,46,47,48,49,50,51,52,53,54,55,56,57,58,59,60,61,62,63,64,65,66,67"
339,"JN400601_P4_GII-4, JN400610_P4_GII-4",2,1,0.071276,0 1,"0,1"
340,"LC877034_P7_GII-7, LC877024_P7_GII-7, PV806173_P7_GII-7, KJ196295_P7_GII-7, MW305698_P7_GII-14, LC122877_P7_GII-14, LC122861_P7_GII-14, LC122876_P7_GII-14, MW305671_P7_GII-14, LC122881_P7_GII-14, MZ272053_P7_GII-14, GU017903_P7_GII-14, PV174243_P7_GII-6",13,1,0.071276,204 205 206 207 228 229 230 231 232 233 234 235 236,"204,205,206,207,228,229,230,231,232,233,234,235,236"
341,"MN447470_P16_GII-16, LC145791_P16_GII-2, OP609646_P16_GII-10, KJ196286_P16_GII-17",4,1,0.071276,143 144 146 147,"143,144,146,147"
342,"LC877034_P7_GII-7, LC877024_P7_GII-7, PV806173_P7_GII-7, KJ196295_P7_GII-7, JX846927_P7_GII-6, MW305599_P7_GII-6, LC122922_P7_GII-6, MW305555_P7_GII-6, MW305511_P7_GII-6, MW305547_P7_GII-6, MW305523_P7_GII-6, MW305616_P7_GII-6, MT227832_P7_GII-6, MT158850_P7_GII-6, MW305514_P7_GII-9, MW305698_P7_GII-14, LC122877_P7_GII-14, LC122861_P7_GII-14, LC122876_P7_GII-14, MW305671_P7_GII-14, LC122881_P7_GII-14, MZ272053_P7_GII-14, GU017903_P7_GII-14, PV174243_P7_GII-6",24,1,0.071276,204 205 206 207 208 209 210 211 212 213 214 215 216 217 224 228 229 230 231 232 233 234 235 236,"204,205,206,207,208,209,210,211,212,213,214,215,216,217,224,228,229,230,231,232,233,234,235,236"
343,"MW305590_P4_GII-4, MW305655_P4_GII-4, MW305653_P4_GII-4, MW305656_P4_GII-4, MW305662_P4_GII-4, KJ407076_P4_GII-4",6,1,0.071276,20 21 24 25 26 30,"20,21,24,25,26,30"
344,"OP686903_P16_GII-10, OL898507_P16_GII-2, MW661277_P16_GII-2, OR793088_P16_GII-2, MK773571_P16_GII-2, MG745992_P16_GII-2, MK614137_P16_GII-2, LC726085_P16_GII-2, LC726084_P16_GII-2, MK590974_P16_GII-2, OL826943_P16_GII-2, PP267300_P16_GII-2",12,1,0.071276,95 96 97 98 99 100 101 104 105 107 108 109,"95,96,97,98,99,100,101,104,105,107,108,109"
345,"PV746275_P16_GII-4, PP661667_P16_GII-4, PP549880_P16_GII-4",3,1,0.071276,138 140 141,"138,140,141"
346,"KM198509_P21_GII-3, KM198547_P21_GII-3, OP205577_P21_GII-3, MH218577_P21_GII-3, MH218573_P21_GII-3, MH218584_P21_GII-3, OR536471_P21_GII-3, OR536485_P21_GII-3, OR536496_P21_GII-3",9,1,0.071276,77 78 79 80 83 84 85 86 87,"77,78,79,80,83,84,85,86,87"
347,PQ482378_P17_GII-17,1,1,0.071276,179,179
348,"KJ196281_P31_GII-4, LC122811_P31_GII-4, LC744879_P31_GII-4",3,1,0.071276,53 54 67,"53,54,67"
349,"OP686903_P16_GII-10, MW661277_P16_GII-2, OR793088_P16_GII-2, MK773571_P16_GII-2, MG745992_P16_GII-2, MK614137_P16_GII-2, LC726085_P16_GII-2, LC726084_P16_GII-2, MK590974_P16_GII-2, OL826943_P16_GII-2, PP267300_P16_GII-2",11,1,0.071276,95 97 98 99 100 101 104 105 107 108 109,"95,97,98,99,100,101,104,105,107,108,109"
350,"JF320652_P1_GV-1, EU004682_P1_GV-1, FJ446719_P1_GV-1, EU004664_P1_GV-1, AY228235_P1_GV-1, EU004655_P1_GV-1, OQ552774_P1, OQ552781_P1, PP550057_P1, PP550062_P1, OQ552772_P1, PP550065_P1_GV-1, EU004674_P1_GV-1",13,1,0.071276,278 279 280 281 282 283 285 286 287 288 289 290 292,"278,279,280,281,282,283,285,286,287,288,289,290,292"
351,"KY887600_P16_GII-4, MH260484_P16_GII-4",2,1,0.071276,111 137,"111,137"
352,"MG551869_P23_GII-23, MK733201_P26_GII-12, MG572732_P26_GII-26, OQ190312_P25_GII-3, KJ196277_P40_GII-5",5,1,0.071276,91 293 294 295 296,"91,293,294,295,296"
353,PV282509_P4_GII-4,1,1,0.071276,9,9
354,"MW305582_P3_GII-17, MW305727_P3_GII-3, MW305726_P3_GII-3, MW305731_P3_GII-3, LC122831_P3_GII-3, KJ194500_P3_GII-3, PQ373128_P17_GII-17, OP205536_P17_GII-17, PQ373124_P17_GII-17, MT729791_P17_GII-17, LC369214_P17_GII-17, KU557784_P17_GII-17, KT780413_P17_GII-17, LC369217_P17_GII-17, MK789431_P17_GII-17, KT780410_P17_GII-17, LC644992_P17_GII-17, MF421541_P17_GII-17, MT158860_P17_GII-17, PV920371_P17_GII-17, PQ336869_P17_GII-17, MK282257_P17_GII-17, PV765567_P17_GII-17, PV765573_P17_GII-17, PV902474_P17_GII-17, PV765574_P17_GII-17, PV765575_P17_GII-17, PV765587_P17_GII-17, PV765585_P17_GII-17, PQ482378_P17_GII-17, PV588657_P17_GII-17, PQ482380_P17_GII-17, PV588655_P17_GII-17, PV750882_P17_GII-17, PQ310520_P17_GII-17, PV784337_P17_GII-17, PV276961_P17_GII-17, PV750876_P17_GII-17, PV750877_P17_GII-17, LC868438_P17_GII-17, PV750895_P17_GII-17, LC868433_P17_GII-17, PV750881_P17_GII-17, LC868426_P17_GII-17, PQ373133_P17_GII-17, PV784272_P17_GII-17, PP580690_P17_GII-17",47,1,0.071276,148 151 152 153 154 155 156 157 158 159 160 161 162 163 164 165 166 167 168 169 170 171 172 173 174 175 176 177 178 179 180 181 182 183 184 185 186 187 188 189 190 191 192 193 194 195 196,"148,151,152,153,154,155,156,157,158,159,160,161,162,163,164,165,166,167,168,169,170,171,172,173,174,175,176,177,178,179,180,181,182,183,184,185,186,187,188,189,190,191,192,193,194,195,196"
355,"LC209479_P16_GII-2, MW305714_P16_GII-13, MK753009_P16_GII-13, PP825703_P16_GII-3, MK753008_P16_GII-13",5,1,0.071276,88 89 90 93 94,"88,89,90,93,94"
356,"LC868438_P17_GII-17, LC868433_P17_GII-17, LC868426_P17_GII-17",3,1,0.071276,189 191 193,"189,191,193"
357,"PQ557603_P31_GII-4, PQ557606_P31_GII-4",2,1,0.071276,56 122,"56,122"
358,"LC699529_P31_GII-4, MW661281_P31_GII-4, OR844381_P31_GII-4, MH218629_P31_GII-4, MH218638_P31_GII-4, LC726075_P31_GII-4, MH979230_P31_GII-4, OM373643_P31_GII-4, OM373200_P31_GII-4, OM368933_P31_GII-4, LC122806_P31_GII-4, PQ507178_P31_GII-4, PQ507179_P31_GII-4",13,1,0.071276,40 46 47 49 50 57 58 60 61 62 63 65 66,"40,46,47,49,50,57,58,60,61,62,63,65,66"
359,"MT372464_P2_GI-2, NC_044854_PNA1_GI-6, MN226991_P11_GI-6, OR268206_P11_GI-6, OR268635_P11_GI-6",5,1,0.071276,273 274 275 276 277,"273,274,275,276,277"
360,"KC175358_P4_GII-4, KC409290_P4_GII-4",2,1,0.071276,323 325,"323,325"
361,"MW305510_P3_GI-3, MH218727_P3_GI-3",2,1,0.071276,243 244,"243,244"
362,"FJ446719_P1_GV-1, JN975498_P1_GV-1",2,1,0.071276,280 291,"280,291"
363,"FJ446719_P1_GV-1, EU004664_P1_GV-1, OQ552774_P1, OQ552781_P1, PP550057_P1, PP550062_P1, OQ552772_P1, PP550065_P1_GV-1, JN975498_P1_GV-1",9,1,0.071276,280 281 285 286 287 288 289 290 291,"280,281,285,286,287,288,289,290,291"
364,"MZ229330_P4_GI-4, LC122711_P4_GI-4",2,1,0.071276,252 253,"252,253"
365,"NC_044854_PNA1_GI-6, MN226991_P11_GI-6, OR268206_P11_GI-6, OR268635_P11_GI-6",4,1,0.071276,274 275 276 277,"274,275,276,277"
366,"LC699529_P31_GII-4, MW661281_P31_GII-4, OR844381_P31_GII-4, OL721917_P31_GII-4, MH218629_P31_GII-4, MH218638_P31_GII-4, KT202797_P31_GII-4, KJ196296_P31_GII-4, KJ196281_P31_GII-4, LC122811_P31_GII-4, MW305738_P31_GII-4, PQ557603_P31_GII-4, LC726075_P31_GII-4, MH979230_P31_GII-4, LC133344_P31_GII-4, OM373643_P31_GII-4, OM373200_P31_GII-4, OM368933_P31_GII-4, LC122806_P31_GII-4, PQ507178_P31_GII-4, PQ507179_P31_GII-4, LC744879_P31_GII-4, PQ557606_P31_GII-4",23,1,0.071276,40 46 47 48 49 50 51 52 53 54 55 56 57 58 59 60 61 62 63 65 66 67 122,"40,46,47,48,49,50,51,52,53,54,55,56,57,58,59,60,61,62,63,65,66,67,122"
367,KJ196295_P7_GII-7,1,1,0.071276,207,207
368,"LC877034_P7_GII-7, LC877024_P7_GII-7, PV806173_P7_GII-7",3,1,0.071276,204 205 206,"204,205,206"
369,"OR536456_P7_GII-14, OR536457_P7_GII-14, OR536458_P7_GII-14",3,1,0.071276,225 226 227,"225,226,227"
370,"MW305698_P7_GII-14, LC122877_P7_GII-14, LC122861_P7_GII-14, LC122876_P7_GII-14, MW305671_P7_GII-14, LC122881_P7_GII-14, MZ272053_P7_GII-14, GU017903_P7_GII-14",8,1,0.071276,228 229 230 231 232 233 234 235,"228,229,230,231,232,233,234,235"
371,"MW305599_P7_GII-6, LC122922_P7_GII-6, MW305555_P7_GII-6, MW305511_P7_GII-6, MW305547_P7_GII-6, MW305523_P7_GII-6, MW305616_P7_GII-6, MT227832_P7_GII-6, MT158850_P7_GII-6",9,1,0.071276,209 210 211 212 213 214 215 216 217,"209,210,211,212,213,214,215,216,217"
372,"MH218703_P4_GII-4, KJ685402_P4_GII-4, PQ195886_P4_GII-4, PQ208315_P4_GII-4, PQ208326_P4_GII-4",5,1,0.071276,14 15 16 17 18,"14,15,16,17,18"
373,MW305582_P3_GII-17,1,1,0.071276,148,148
374,KJ196277_P40_GII-5,1,1,0.071276,296,296
375,LC726063_P12_GII-3,1,1,0.071276,308,308
376,"OR262326_P31_GII-4, OR262327_P31_GII-4",2,1,0.071276,35 36,"35,36"
377,"MK753009_P16_GII-13, MK753008_P16_GII-13",2,1,0.071276,90 94,"90,94"
378,"PV394761_P16_GII-16, PV394768_P16_GII-16",2,1,0.071276,102 103,"102,103"
379,"FJ537134_P39_GII-4, FJ537138_P39_GII-4, FJ537135_PNA3_GII-4",3,1,0.071276,73 74 75,"73,74,75"
380,"PV746275_P16_GII-4, PV746278_P16_GII-4, PP661667_P16_GII-4, PP549880_P16_GII-4",4,1,0.071276,138 139 140 141,"138,139,140,141"
381,"MW305727_P3_GII-3, MW305726_P3_GII-3, MW305731_P3_GII-3, LC122831_P3_GII-3, KJ194500_P3_GII-3",5,1,0.071276,151 152 153 154 155,"151,152,153,154,155"
382,"KM198509_P21_GII-3, KM198547_P21_GII-3, MH218573_P21_GII-3, MH218584_P21_GII-3, OR536471_P21_GII-3, OR536485_P21_GII-3, OR536496_P21_GII-3",7,1,0.071276,77 78 83 84 85 86 87,"77,78,83,84,85,86,87"
383,"MK753032_P16_GII-4, KY887600_P16_GII-4, MZ478139_P16_GII-4, MT238670_P16_GII-4, PX563327_P16_GII-4, MK756038_P16_GII-4, LC769695_P16_GII-4, KY887599_P16_GII-4, PQ195935_P16_GII-4, PQ195936_P16_GII-4, PQ196564_P16_GII-4, PQ215539_P16_GII-4, PQ218566_P16_GII-4, PQ196534_P16_GII-4, PQ209103_P16_GII-4, PQ195932_P16_GII-4, PQ209099_P16_GII-4, MK762637_P16_GII-4, KY210980_P16_GII-4, OQ940080_P16_GII-4, MZ478140_P16_GII-4, MH260483_P16_GII-4, MH260484_P16_GII-4, MK754444_P16_GII-4",24,1,0.071276,110 111 112 113 118 119 120 121 123 124 125 126 127 128 129 130 131 132 133 134 135 136 137 142,"110,111,112,113,118,119,120,121,123,124,125,126,127,128,129,130,131,132,133,134,135,136,137,142"
384,"MN703761_P31_GII-4, LC699529_P31_GII-4, MT474043_P31_GII-4, MN308017_P31_GII-4, PV282507_P31_GII-4, MN308009_P31_GII-4, MT726225_P31_GII-4, MW661281_P31_GII-4, OR844381_P31_GII-4, OL721917_P31_GII-4, MH218629_P31_GII-4, MH218638_P31_GII-4, KT202797_P31_GII-4, KJ196296_P31_GII-4, KJ196281_P31_GII-4, LC122811_P31_GII-4, MW305738_P31_GII-4, PQ557603_P31_GII-4, LC726075_P31_GII-4, MH979230_P31_GII-4, LC133344_P31_GII-4, OM373643_P31_GII-4, OM373200_P31_GII-4, OM368933_P31_GII-4, LC122806_P31_GII-4, KY424329_P31_GII-4, PQ507178_P31_GII-4, PQ507179_P31_GII-4, LC744879_P31_GII-4, PQ557606_P31_GII-4",30,1,0.071276,39 40 41 42 43 44 45 46 47 48 49 50 51 52 53 54 55 56 57 58 59 60 61 62 63 64 65 66 67 122,"39,40,41,42,43,44,45,46,47,48,49,50,51,52,53,54,55,56,57,58,59,60,61,62,63,64,65,66,67,122"
385,"PQ373128_P17_GII-17, OP205536_P17_GII-17, PQ373124_P17_GII-17, MT729791_P17_GII-17, LC369214_P17_GII-17, KU557784_P17_GII-17, KT780413_P17_GII-17, LC369217_P17_GII-17, MK789431_P17_GII-17, KT780410_P17_GII-17, LC644992_P17_GII-17, MF421541_P17_GII-17, MT158860_P17_GII-17, PV920371_P17_GII-17, PQ336869_P17_GII-17, MK282257_P17_GII-17, PV765567_P17_GII-17, PV765573_P17_GII-17, PV902474_P17_GII-17, PV765574_P17_GII-17, PV765575_P17_GII-17, PV765587_P17_GII-17, PV765585_P17_GII-17, PQ482378_P17_GII-17, PV588657_P17_GII-17, PQ482380_P17_GII-17, PV588655_P17_GII-17, PV750882_P17_GII-17, PQ310520_P17_GII-17, PV784337_P17_GII-17, PV276961_P17_GII-17, PV750876_P17_GII-17, PV750877_P17_GII-17, LC868438_P17_GII-17, PV750895_P17_GII-17, LC868433_P17_GII-17, PV750881_P17_GII-17, LC868426_P17_GII-17, PQ373133_P17_GII-17, PV784272_P17_GII-17, PP580690_P17_GII-17",41,1,0.071276,156 157 158 159 160 161 162 163 164 165 166 167 168 169 170 171 172 173 174 175 176 177 178 179 180 181 182 183 184 185 186 187 188 189 190 191 192 193 194 195 196,"156,157,158,159,160,161,162,163,164,165,166,167,168,169,170,171,172,173,174,175,176,177,178,179,180,181,182,183,184,185,186,187,188,189,190,191,192,193,194,195,196"
386,"LC868438_P17_GII-17, LC868433_P17_GII-17",2,1,0.071276,189 191,"189,191"
387,"OP686903_P16_GII-10, OP609646_P16_GII-10",2,1,0.071276,95 146,"95,146"
388,OP205577_P21_GII-3,1,1,0.071276,79,79
389,"MW305727_P3_GII-3, MW305726_P3_GII-3, MW305731_P3_GII-3, KJ194500_P3_GII-3",4,1,0.071276,151 152 153 155,"151,152,153,155"
390,"LC122743_P12_GII-3, LC122758_P12_GII-3, PQ559816_P12_GII-3, LC726063_P12_GII-3, LC122751_P12_GII-3",5,1,0.071276,304 305 306 308 309,"304,305,306,308,309"
391,"MT729791_P17_GII-17, LC369214_P17_GII-17, KU557784_P17_GII-17, LC644992_P17_GII-17, MT158860_P17_GII-17, PV920371_P17_GII-17, PQ336869_P17_GII-17",7,1,0.071276,159 160 161 166 168 169 170,"159,160,161,166,168,169,170"
392,MW305655_P4_GII-4,1,1,0.071276,21,21
393,MW305589_P4_GII-4,1,1,0.071276,22,22
394,MW305661_P4_GII-4,1,1,0.071276,23,23
395,PP549880_P16_GII-4,1,1,0.071276,141,141
396,"LC133344_P31_GII-4, LC122806_P31_GII-4",2,1,0.071276,59 63,"59,63"
397,"KF429760_P4_GII-4, MW305567_P4_GII-4",2,1,0.071276,8 319,"8,319"
398,"MW305590_P4_GII-4, MW305662_P4_GII-4, KJ407076_P4_GII-4",3,1,0.071276,20 26 30,"20,26,30"
399,"MW305594_P4_GII-4, KY424338_P4_GII-4, FJ537137_P12_GII-4, FJ537134_P39_GII-4, FJ537138_P39_GII-4, FJ537135_PNA3_GII-4, FJ537136_P12_GII-4",7,1,0.071276,27 28 31 73 74 75 303,"27,28,31,73,74,75,303"
400,"JX846927_P7_GII-6, MW305599_P7_GII-6, LC122922_P7_GII-6, MW305555_P7_GII-6, MW305511_P7_GII-6, MW305547_P7_GII-6, MW305523_P7_GII-6, MW305616_P7_GII-6, MT227832_P7_GII-6, MT158850_P7_GII-6, KY424346_P7_GII-6, KY424347_P7_GII-6, MW305581_P7_GII-6, MW305598_P6_GII-6, LC122927_P6_GII-6, LC122932_P6_GII-6, PV174243_P7_GII-6",17,1,0.071276,208 209 210 211 212 213 214 215 216 217 218 219 220 221 222 223 236,"208,209,210,211,212,213,214,215,216,217,218,219,220,221,222,223,236"
401,"KJ196276_P12_GII-13, MH218733_P31_GII-2, LC342059_PNA7_GII-12, MZ265063_P33_GII-1, MW305600_P21_GII-2, LC122739_P21_GII-1, LC209479_P16_GII-2, MW305714_P16_GII-13, MK753009_P16_GII-13, MG551869_P23_GII-23, MK753008_P16_GII-13, OP686903_P16_GII-10, OL898507_P16_GII-2, MW661277_P16_GII-2, OR793088_P16_GII-2, MK773571_P16_GII-2, MG745992_P16_GII-2, MK614137_P16_GII-2, PV394761_P16_GII-16, PV394768_P16_GII-16, LC726085_P16_GII-2, LC726084_P16_GII-2, MK590974_P16_GII-2, OL826943_P16_GII-2, PP267300_P16_GII-2, MN447470_P16_GII-16, LC145791_P16_GII-2, KJ196288_P5_GII-5, OP609646_P16_GII-10, KJ196286_P16_GII-17, MW305582_P3_GII-17, PV920368_P3_GII-17, PQ373128_P17_GII-17, OP205536_P17_GII-17, PQ373124_P17_GII-17, MT729791_P17_GII-17, LC369214_P17_GII-17, KU557784_P17_GII-17, KT780413_P17_GII-17, LC369217_P17_GII-17, MK789431_P17_GII-17, KT780410_P17_GII-17, LC644992_P17_GII-17, MF421541_P17_GII-17, MT158860_P17_GII-17, PV920371_P17_GII-17, PQ336869_P17_GII-17, MK282257_P17_GII-17, PV765567_P17_GII-17, PV765573_P17_GII-17, PV902474_P17_GII-17, PV765574_P17_GII-17, PV765575_P17_GII-17, PV765587_P17_GII-17, PV765585_P17_GII-17, PQ482378_P17_GII-17, PV588657_P17_GII-17, PQ482380_P17_GII-17, PV588655_P17_GII-17, PV750882_P17_GII-17, PQ310520_P17_GII-17, PV784337_P17_GII-17, PV276961_P17_GII-17, PV750876_P17_GII-17, PV750877_P17_GII-17, LC868438_P17_GII-17, PV750895_P17_GII-17, LC868433_P17_GII-17, PV750881_P17_GII-17, LC868426_P17_GII-17, PQ373133_P17_GII-17, PV784272_P17_GII-17, PP580690_P17_GII-17, MK733201_P26_GII-12, MG572732_P26_GII-26, KJ196277_P40_GII-5, MW305657_P34_GII-2, MF405169_P32_GII-2, MK753015_P2_GII-2, LC122855_P2_GII-2, MH218734_P2_GII-2, KJ196294_P12_GII-12, KJ196282_P12_GII-12, KJ196299_P12_GII-12, LC122726_P12_GII-12, LC122725_P12_GII-12",86,1,0.071276,32 34 68 72 81 82 88 89 90 91 94 95 96 97 98 99 100 101 102 103 104 105 107 108 109 143 144 145 146 147 148 149 156 157 158 159 160 161 162 163 164 165 166 167 168 169 170 171 172 173 174 175 176 177 178 179 180 181 182 183 184 185 186 187 188 189 190 191 192 193 194 195 196 293 294 296 298 299 300 301 302 313 314 315 316 317,"32,34,68,72,81,82,88,89,90,91,94,95,96,97,98,99,100,101,102,103,104,105,107,108,109,143,144,145,146,147,148,149,156,157,158,159,160,161,162,163,164,165,166,167,168,169,170,171,172,173,174,175,176,177,178,179,180,181,182,183,184,185,186,187,188,189,190,191,192,193,194,195,196,293,294,296,298,299,300,301,302,313,314,315,316,317"
402,KJ541743_P4_GII-4,1,1,0.071276,332,332
403,"JF320652_P1_GV-1, EU004682_P1_GV-1, AY228235_P1_GV-1, EU004655_P1_GV-1, EU004674_P1_GV-1",5,1,0.071276,278 279 282 283 292,"278,279,282,283,292"
404,"PX563327_P16_GII-4, LC769695_P16_GII-4, PQ557606_P31_GII-4, PQ195935_P16_GII-4, PQ195936_P16_GII-4, PQ196564_P16_GII-4, PQ215539_P16_GII-4, PQ218566_P16_GII-4, PQ196534_P16_GII-4, PQ209103_P16_GII-4, PQ195932_P16_GII-4, PQ209099_P16_GII-4, OQ940080_P16_GII-4, PV746275_P16_GII-4, PP661667_P16_GII-4, PP549880_P16_GII-4, PQ195934_P12_GII-4",17,1,0.071276,118 120 122 123 124 125 126 127 128 129 130 131 134 138 140 141 307,"118,120,122,123,124,125,126,127,128,129,130,131,134,138,140,141,307"
405,"LC699529_P31_GII-4, MW661281_P31_GII-4, OR844381_P31_GII-4, OL721917_P31_GII-4, MH218629_P31_GII-4, MH218638_P31_GII-4, KT202797_P31_GII-4, KJ196281_P31_GII-4, LC122811_P31_GII-4, MW305738_P31_GII-4, PQ557603_P31_GII-4, LC726075_P31_GII-4, MH979230_P31_GII-4, LC133344_P31_GII-4, OM373643_P31_GII-4, OM373200_P31_GII-4, OM368933_P31_GII-4, LC122806_P31_GII-4, PQ507178_P31_GII-4, PQ507179_P31_GII-4, LC744879_P31_GII-4",21,1,0.071276,40 46 47 48 49 50 51 53 54 55 56 57 58 59 60 61 62 63 65 66 67,"40,46,47,48,49,50,51,53,54,55,56,57,58,59,60,61,62,63,65,66,67"
406,"MW305590_P4_GII-4, MW305655_P4_GII-4, MW305656_P4_GII-4, MW305662_P4_GII-4, KJ407076_P4_GII-4",5,1,0.071276,20 21 25 26 30,"20,21,25,26,30"
407,"MH218733_P31_GII-2, LC342059_PNA7_GII-12, MZ265063_P33_GII-1, MW305600_P21_GII-2, LC122739_P21_GII-1, LC209479_P16_GII-2, MG551869_P23_GII-23, OP686903_P16_GII-10, OL898507_P16_GII-2, MW661277_P16_GII-2, OR793088_P16_GII-2, MK773571_P16_GII-2, MG745992_P16_GII-2, MK614137_P16_GII-2, PV394761_P16_GII-16, PV394768_P16_GII-16, LC726085_P16_GII-2, LC726084_P16_GII-2, MK590974_P16_GII-2, OL826943_P16_GII-2, PP267300_P16_GII-2, MN447470_P16_GII-16, LC145791_P16_GII-2, KJ196288_P5_GII-5, OP609646_P16_GII-10, MK733201_P26_GII-12, MG572732_P26_GII-26, KJ196277_P40_GII-5, MW305657_P34_GII-2, MF405169_P32_GII-2, MK753015_P2_GII-2, LC122855_P2_GII-2, MH218734_P2_GII-2, KJ196294_P12_GII-12, KJ196282_P12_GII-12, KJ196299_P12_GII-12, LC122726_P12_GII-12, LC122725_P12_GII-12",38,1,0.071276,34 68 72 81 82 88 91 95 96 97 98 99 100 101 102 103 104 105 107 108 109 143 144 145 146 293 294 296 298 299 300 301 302 313 314 315 316 317,"34,68,72,81,82,88,91,95,96,97,98,99,100,101,102,103,104,105,107,108,109,143,144,145,146,293,294,296,298,299,300,301,302,313,314,315,316,317"
408,"KJ196286_P16_GII-17, MW305582_P3_GII-17, PV920368_P3_GII-17, PQ373128_P17_GII-17, OP205536_P17_GII-17, PQ373124_P17_GII-17, MT729791_P17_GII-17, LC369214_P17_GII-17, KU557784_P17_GII-17, KT780413_P17_GII-17, LC369217_P17_GII-17, MK789431_P17_GII-17, KT780410_P17_GII-17, LC644992_P17_GII-17, MF421541_P17_GII-17, MT158860_P17_GII-17, PV920371_P17_GII-17, PQ336869_P17_GII-17, MK282257_P17_GII-17, PV765567_P17_GII-17, PV765573_P17_GII-17, PV902474_P17_GII-17, PV765574_P17_GII-17, PV765575_P17_GII-17, PV765587_P17_GII-17, PV765585_P17_GII-17, PQ482378_P17_GII-17, PV588657_P17_GII-17, PQ482380_P17_GII-17, PV588655_P17_GII-17, PV750882_P17_GII-17, PQ310520_P17_GII-17, PV784337_P17_GII-17, PV276961_P17_GII-17, PV750876_P17_GII-17, PV750877_P17_GII-17, LC868438_P17_GII-17, PV750895_P17_GII-17, LC868433_P17_GII-17, PV750881_P17_GII-17, LC868426_P17_GII-17, PQ373133_P17_GII-17, PV784272_P17_GII-17, PP580690_P17_GII-17",44,1,0.071276,147 148 149 156 157 158 159 160 161 162 163 164 165 166 167 168 169 170 171 172 173 174 175 176 177 178 179 180 181 182 183 184 185 186 187 188 189 190 191 192 193 194 195 196,"147,148,149,156,157,158,159,160,161,162,163,164,165,166,167,168,169,170,171,172,173,174,175,176,177,178,179,180,181,182,183,184,185,186,187,188,189,190,191,192,193,194,195,196"
409,"KY442319_P41_GII-3, KY442320_P41_GII-3, MW305574_P41_GII-3, KM198509_P21_GII-3, KM198547_P21_GII-3, OP205577_P21_GII-3, MH218577_P21_GII-3, MH218573_P21_GII-3, MH218584_P21_GII-3, OR536471_P21_GII-3, OR536485_P21_GII-3, OR536496_P21_GII-3, MH702267_P16_GII-3, PP825703_P16_GII-3, OP205557_P16_GII-3, KY887598_P16_GII-3, LC769715_P16_GII-3, LC769689_P16_GII-3, LC769682_P16_GII-3, MW305724_P3_GII-3, MW305727_P3_GII-3, MW305726_P3_GII-3, MW305731_P3_GII-3, LC122831_P3_GII-3, KJ194500_P3_GII-3, JX846927_P7_GII-6, MW305599_P7_GII-6, LC122922_P7_GII-6, MW305555_P7_GII-6, MW305511_P7_GII-6, MW305547_P7_GII-6, MW305523_P7_GII-6, MW305616_P7_GII-6, MT227832_P7_GII-6, MT158850_P7_GII-6, KY424346_P7_GII-6, KY424347_P7_GII-6, MW305581_P7_GII-6, MW305598_P6_GII-6, LC122927_P6_GII-6, LC122932_P6_GII-6, PV174243_P7_GII-6, OQ190312_P25_GII-3, LC122743_P12_GII-3, LC122758_P12_GII-3, PQ559816_P12_GII-3, LC726063_P12_GII-3, LC122751_P12_GII-3",48,1,0.071276,69 70 71 77 78 79 80 83 84 85 86 87 92 93 106 114 115 116 117 150 151 152 153 154 155 208 209 210 211 212 213 214 215 216 217 218 219 220 221 222 223 236 295 304 305 306 308 309,"69,70,71,77,78,79,80,83,84,85,86,87,92,93,106,114,115,116,117,150,151,152,153,154,155,208,209,210,211,212,213,214,215,216,217,218,219,220,221,222,223,236,295,304,305,306,308,309"
410,"PV418614_P2_GVI-2, MN912824_P1_GIV-2, MK067289_P1_GIV-2, AB985418_P28_GVIII-1",4,1,0.071276,239 240 241 297,"239,240,241,297"
411,"AB933662_P4_GII-4, AB933645_P4_GII-4, JX445162_P4_GII-4, JN400603_P4_GII-4, KJ196287_P4_GII-4, HM748971_P4_GII-4, KJ541743_P4_GII-4, KC175402_P4_GII-4",8,1,0.071276,4 5 7 328 329 330 332 333,"4,5,7,328,329,330,332,333"
412,"MT729791_P17_GII-17, LC644992_P17_GII-17, MT158860_P17_GII-17, PV920371_P17_GII-17, PQ336869_P17_GII-17",5,1,0.071276,159 166 168 169 170,"159,166,168,169,170"
413,"JF320652_P1_GV-1, EU004682_P1_GV-1, AY228235_P1_GV-1, EU004655_P1_GV-1, OQ552774_P1, OQ552781_P1, PP550057_P1, PP550062_P1, OQ552772_P1, PP550065_P1_GV-1, EU004674_P1_GV-1",11,1,0.071276,278 279 282 283 285 286 287 288 289 290 292,"278,279,282,283,285,286,287,288,289,290,292"
414,"OL898507_P16_GII-2, MW661277_P16_GII-2, OR793088_P16_GII-2, MK773571_P16_GII-2, MG745992_P16_GII-2, MK614137_P16_GII-2, LC726085_P16_GII-2, LC726084_P16_GII-2, MK590974_P16_GII-2, OL826943_P16_GII-2, PP267300_P16_GII-2, MK753015_P2_GII-2, MH218734_P2_GII-2",13,1,0.071276,96 97 98 99 100 101 104 105 107 108 109 300 302,"96,97,98,99,100,101,104,105,107,108,109,300,302"
415,"KY442319_P41_GII-3, KY442320_P41_GII-3, MW305574_P41_GII-3, MW305724_P3_GII-3, MW305727_P3_GII-3, MW305726_P3_GII-3, MW305731_P3_GII-3, KJ194500_P3_GII-3",8,1,0.071276,69 70 71 150 151 152 153 155,"69,70,71,150,151,152,153,155"
416,"JN400601_P4_GII-4, JN400610_P4_GII-4, JN400612_P4_GII-4, JN400613_P4_GII-4, AB933662_P4_GII-4, AB933645_P4_GII-4, JX445158_P4_GII-4, JX445162_P4_GII-4, KF429760_P4_GII-4, PV282509_P4_GII-4, PV275065_P4_GII-4, MF140693_P4_GII-4, AB933739_P4_GII-4, AB933743_P4_GII-4, MH218703_P4_GII-4, KJ685402_P4_GII-4, PQ195886_P4_GII-4, PQ208315_P4_GII-4, PQ208326_P4_GII-4, MK753028_P4_GII-4, MW305545_P4_GII-4, PQ195913_P31_GII-4, OR262326_P31_GII-4, OR262327_P31_GII-4, PV275055_P31_GII-4, PV275068_P31_GII-4, MN703761_P31_GII-4, LC699529_P31_GII-4, MT474043_P31_GII-4, MN308017_P31_GII-4, PV282507_P31_GII-4, MN308009_P31_GII-4, MT726225_P31_GII-4, MW661281_P31_GII-4, OR844381_P31_GII-4, OL721917_P31_GII-4, MH218629_P31_GII-4, MH218638_P31_GII-4, KT202797_P31_GII-4, KJ196296_P31_GII-4, KJ196281_P31_GII-4, LC122811_P31_GII-4, MW305738_P31_GII-4, PQ557603_P31_GII-4, LC726075_P31_GII-4, MH979230_P31_GII-4, LC133344_P31_GII-4, OM373643_P31_GII-4, OM373200_P31_GII-4, OM368933_P31_GII-4, LC122806_P31_GII-4, KY424329_P31_GII-4, PQ507178_P31_GII-4, PQ507179_P31_GII-4, LC744879_P31_GII-4, MK753032_P16_GII-4, KY887600_P16_GII-4, MZ478139_P16_GII-4, MT238670_P16_GII-4, PX563327_P16_GII-4, MK756038_P16_GII-4, LC769695_P16_GII-4, KY887599_P16_GII-4, PQ557606_P31_GII-4, PQ195935_P16_GII-4, PQ195936_P16_GII-4, PQ196564_P16_GII-4, PQ215539_P16_GII-4, PQ218566_P16_GII-4, PQ196534_P16_GII-4, PQ209103_P16_GII-4, PQ195932_P16_GII-4, PQ209099_P16_GII-4, MK762637_P16_GII-4, KY210980_P16_GII-4, OQ940080_P16_GII-4, MZ478140_P16_GII-4, MH260483_P16_GII-4, MH260484_P16_GII-4, PV746275_P16_GII-4, PV746278_P16_GII-4, PP661667_P16_GII-4, PP549880_P16_GII-4, MK754444_P16_GII-4, PQ195934_P12_GII-4, LC122767_P12_GII-4, LC122766_P12_GII-4, LC122772_P12_GII-4, MF140634_P4_GII-4, MW305567_P4_GII-4, KM198504_P4_GII-4, KC409248_P4_GII-4, KC409253_P4_GII-4, KC175358_P4_GII-4, KC409300_P4_GII-4, KC409290_P4_GII-4, EF202567_P4_GII-4, KM198524_P4_GII-4, JN400603_P4_GII-4, KJ196287_P4_GII-4, HM748971_P4_GII-4, AB933671_P4_GII-4, KJ541743_P4_GII-4, KC175402_P4_GII-4",104,1,0.071276,0 1 2 3 4 5 6 7 8 9 10 11 12 13 14 15 16 17 18 19 29 33 35 36 37 38 39 40 41 42 43 44 45 46 47 48 49 50 51 52 53 54 55 56 57 58 59 60 61 62 63 64 65 66 67 110 111 112 113 118 119 120 121 122 123 124 125 126 127 128 129 130 131 132 133 134 135 136 137 138 139 140 141 142 307 310 311 312 318 319 320 321 322 323 324 325 326 327 328 329 330 331 332 333,"0,1,2,3,4,5,6,7,8,9,10,11,12,13,14,15,16,17,18,19,29,33,35,36,37,38,39,40,41,42,43,44,45,46,47,48,49,50,51,52,53,54,55,56,57,58,59,60,61,62,63,64,65,66,67,110,111,112,113,118,119,120,121,122,123,124,125,126,127,128,129,130,131,132,133,134,135,136,137,138,139,140,141,142,307,310,311,312,318,319,320,321,322,323,324,325,326,327,328,329,330,331,332,333"
417,"KY442319_P41_GII-3, KY442320_P41_GII-3, MW305574_P41_GII-3, KM198509_P21_GII-3, KM198547_P21_GII-3, OP205577_P21_GII-3, MH218577_P21_GII-3, MH218573_P21_GII-3, MH218584_P21_GII-3, OR536471_P21_GII-3, OR536485_P21_GII-3, OR536496_P21_GII-3, MH702267_P16_GII-3, PP825703_P16_GII-3, OP205557_P16_GII-3, KY887598_P16_GII-3, LC769715_P16_GII-3, LC769689_P16_GII-3, LC769682_P16_GII-3, MW305724_P3_GII-3, MW305727_P3_GII-3, MW305726_P3_GII-3, MW305731_P3_GII-3, LC122831_P3_GII-3, KJ194500_P3_GII-3, OQ190312_P25_GII-3, LC122743_P12_GII-3, LC122758_P12_GII-3, PQ559816_P12_GII-3, LC726063_P12_GII-3, LC122751_P12_GII-3",31,1,0.071276,69 70 71 77 78 79 80 83 84 85 86 87 92 93 106 114 115 116 117 150 151 152 153 154 155 295 304 305 306 308 309,"69,70,71,77,78,79,80,83,84,85,86,87,92,93,106,114,115,116,117,150,151,152,153,154,155,295,304,305,306,308,309"
418,OR536471_P21_GII-3,1,1,0.071276,85,85
419,PQ218566_P16_GII-4,1,1,0.071276,127,127
420,"PQ196564_P16_GII-4, PQ215539_P16_GII-4, PQ196534_P16_GII-4, PQ209103_P16_GII-4",4,1,0.071276,125 126 128 129,"125,126,128,129"
421,"MH218573_P21_GII-3, MH218584_P21_GII-3, OR536471_P21_GII-3, OR536485_P21_GII-3, OR536496_P21_GII-3",5,1,0.071276,83 84 85 86 87,"83,84,85,86,87"
422,"LC769695_P16_GII-4, PQ195935_P16_GII-4, PQ195936_P16_GII-4, PQ196564_P16_GII-4, PQ215539_P16_GII-4, PQ218566_P16_GII-4, PQ196534_P16_GII-4, PQ209103_P16_GII-4, PQ209099_P16_GII-4, PQ195934_P12_GII-4",10,1,0.071276,120 123 124 125 126 127 128 129 131 307,"120,123,124,125,126,127,128,129,131,307"
423,"KM198504_P4_GII-4, KC409248_P4_GII-4, KC409253_P4_GII-4, KC175358_P4_GII-4, KC409300_P4_GII-4, KC409290_P4_GII-4, KM198524_P4_GII-4",7,1,0.071276,320 321 322 323 324 325 327,"320,321,322,323,324,325,327"
424,"JN400613_P4_GII-4, AB933662_P4_GII-4, AB933645_P4_GII-4, JX445158_P4_GII-4, JX445162_P4_GII-4, JN400603_P4_GII-4, KJ196287_P4_GII-4, HM748971_P4_GII-4, AB933671_P4_GII-4, KJ541743_P4_GII-4, KC175402_P4_GII-4",11,1,0.071276,3 4 5 6 7 328 329 330 331 332 333,"3,4,5,6,7,328,329,330,331,332,333"
425,"OR546394_P8_GII-8, OR546396_P8_GII-8, MW305514_P7_GII-9, OR536456_P7_GII-14, OR536457_P7_GII-14, OR536458_P7_GII-14, MW305698_P7_GII-14, LC122877_P7_GII-14, LC122861_P7_GII-14, LC122876_P7_GII-14, MW305671_P7_GII-14, LC122881_P7_GII-14, MZ272053_P7_GII-14, GU017903_P7_GII-14",14,1,0.071276,197 198 224 225 226 227 228 229 230 231 232 233 234 235,"197,198,224,225,226,227,228,229,230,231,232,233,234,235"
426,"PQ195886_P4_GII-4, PQ208315_P4_GII-4, PQ208326_P4_GII-4, PQ195913_P31_GII-4",4,1,0.071276,16 17 18 33,"16,17,18,33"
427,"JN400601_P4_GII-4, JN400610_P4_GII-4, JN400612_P4_GII-4, JN400613_P4_GII-4, AB933662_P4_GII-4, AB933645_P4_GII-4, JX445158_P4_GII-4, JX445162_P4_GII-4, KF429760_P4_GII-4, PV282509_P4_GII-4, PV275065_P4_GII-4, MF140693_P4_GII-4, AB933739_P4_GII-4, AB933743_P4_GII-4, MH218703_P4_GII-4, KJ685402_P4_GII-4, PQ195886_P4_GII-4, PQ208315_P4_GII-4, PQ208326_P4_GII-4, MK753028_P4_GII-4, MW305545_P4_GII-4, PQ195913_P31_GII-4, OR262326_P31_GII-4, OR262327_P31_GII-4, PV275055_P31_GII-4, PV275068_P31_GII-4, MN703761_P31_GII-4, LC699529_P31_GII-4, MT474043_P31_GII-4, MN308017_P31_GII-4, PV282507_P31_GII-4, MN308009_P31_GII-4, MT726225_P31_GII-4, MW661281_P31_GII-4, OR844381_P31_GII-4, OL721917_P31_GII-4, MH218629_P31_GII-4, MH218638_P31_GII-4, KT202797_P31_GII-4, KJ196296_P31_GII-4, KJ196281_P31_GII-4, LC122811_P31_GII-4, MW305738_P31_GII-4, PQ557603_P31_GII-4, LC726075_P31_GII-4, MH979230_P31_GII-4, LC133344_P31_GII-4, OM373643_P31_GII-4, OM373200_P31_GII-4, OM368933_P31_GII-4, LC122806_P31_GII-4, KY424329_P31_GII-4, PQ507178_P31_GII-4, PQ507179_P31_GII-4, LC744879_P31_GII-4, MK753032_P16_GII-4, KY887600_P16_GII-4, MZ478139_P16_GII-4, MT238670_P16_GII-4, PX563327_P16_GII-4, MK756038_P16_GII-4, LC769695_P16_GII-4, KY887599_P16_GII-4, PQ557606_P31_GII-4, PQ195935_P16_GII-4, PQ195936_P16_GII-4, PQ196564_P16_GII-4, PQ215539_P16_GII-4, PQ218566_P16_GII-4, PQ196534_P16_GII-4, PQ209103_P16_GII-4, PQ195932_P16_GII-4, PQ209099_P16_GII-4, MK762637_P16_GII-4, KY210980_P16_GII-4, OQ940080_P16_GII-4, MZ478140_P16_GII-4, MH260483_P16_GII-4, MH260484_P16_GII-4, PV746275_P16_GII-4, PV746278_P16_GII-4, PP661667_P16_GII-4, PP549880_P16_GII-4, MK754444_P16_GII-4, PQ195934_P12_GII-4, MF140634_P4_GII-4, MW305567_P4_GII-4, KM198504_P4_GII-4, KC409248_P4_GII-4, KC409253_P4_GII-4, KC175358_P4_GII-4, KC409300_P4_GII-4, KC409290_P4_GII-4, KM198524_P4_GII-4, JN400603_P4_GII-4, KJ196287_P4_GII-4, HM748971_P4_GII-4, AB933671_P4_GII-4, KJ541743_P4_GII-4, KC175402_P4_GII-4",100,1,0.071276,0 1 2 3 4 5 6 7 8 9 10 11 12 13 14 15 16 17 18 19 29 33 35 36 37 38 39 40 41 42 43 44 45 46 47 48 49 50 51 52 53 54 55 56 57 58 59 60 61 62 63 64 65 66 67 110 111 112 113 118 119 120 121 122 123 124 125 126 127 128 129 130 131 132 133 134 135 136 137 138 139 140 141 142 307 318 319 320 321 322 323 324 325 327 328 329 330 331 332 333,"0,1,2,3,4,5,6,7,8,9,10,11,12,13,14,15,16,17,18,19,29,33,35,36,37,38,39,40,41,42,43,44,45,46,47,48,49,50,51,52,53,54,55,56,57,58,59,60,61,62,63,64,65,66,67,110,111,112,113,118,119,120,121,122,123,124,125,126,127,128,129,130,131,132,133,134,135,136,137,138,139,140,141,142,307,318,319,320,321,322,323,324,325,327,328,329,330,331,332,333"
428,"KJ196276_P12_GII-13, MW305714_P16_GII-13, MK753009_P16_GII-13, MK753008_P16_GII-13, KJ196286_P16_GII-17, MW305582_P3_GII-17, PV920368_P3_GII-17, PQ373128_P17_GII-17, OP205536_P17_GII-17, PQ373124_P17_GII-17, MT729791_P17_GII-17, LC369214_P17_GII-17, KU557784_P17_GII-17, KT780413_P17_GII-17, LC369217_P17_GII-17, MK789431_P17_GII-17, KT780410_P17_GII-17, LC644992_P17_GII-17, MF421541_P17_GII-17, MT158860_P17_GII-17, PV920371_P17_GII-17, PQ336869_P17_GII-17, MK282257_P17_GII-17, PV765567_P17_GII-17, PV765573_P17_GII-17, PV902474_P17_GII-17, PV765574_P17_GII-17, PV765575_P17_GII-17, PV765587_P17_GII-17, PV765585_P17_GII-17, PQ482378_P17_GII-17, PV588657_P17_GII-17, PQ482380_P17_GII-17, PV588655_P17_GII-17, PV750882_P17_GII-17, PQ310520_P17_GII-17, PV784337_P17_GII-17, PV276961_P17_GII-17, PV750876_P17_GII-17, PV750877_P17_GII-17, LC868438_P17_GII-17, PV750895_P17_GII-17, LC868433_P17_GII-17, PV750881_P17_GII-17, LC868426_P17_GII-17, PQ373133_P17_GII-17, PV784272_P17_GII-17, PP580690_P17_GII-17",48,1,0.071276,32 89 90 94 147 148 149 156 157 158 159 160 161 162 163 164 165 166 167 168 169 170 171 172 173 174 175 176 177 178 179 180 181 182 183 184 185 186 187 188 189 190 191 192 193 194 195 196,"32,89,90,94,147,148,149,156,157,158,159,160,161,162,163,164,165,166,167,168,169,170,171,172,173,174,175,176,177,178,179,180,181,182,183,184,185,186,187,188,189,190,191,192,193,194,195,196"
429,"MH218733_P31_GII-2, LC342059_PNA7_GII-12, KY442319_P41_GII-3, KY442320_P41_GII-3, MW305574_P41_GII-3, MZ265063_P33_GII-1, KM198509_P21_GII-3, KM198547_P21_GII-3, OP205577_P21_GII-3, MH218577_P21_GII-3, MW305600_P21_GII-2, LC122739_P21_GII-1, MH218573_P21_GII-3, MH218584_P21_GII-3, OR536471_P21_GII-3, OR536485_P21_GII-3, OR536496_P21_GII-3, LC209479_P16_GII-2, MG551869_P23_GII-23, MH702267_P16_GII-3, PP825703_P16_GII-3, OP686903_P16_GII-10, OL898507_P16_GII-2, MW661277_P16_GII-2, OR793088_P16_GII-2, MK773571_P16_GII-2, MG745992_P16_GII-2, MK614137_P16_GII-2, PV394761_P16_GII-16, PV394768_P16_GII-16, LC726085_P16_GII-2, LC726084_P16_GII-2, OP205557_P16_GII-3, MK590974_P16_GII-2, OL826943_P16_GII-2, PP267300_P16_GII-2, KY887598_P16_GII-3, LC769715_P16_GII-3, LC769689_P16_GII-3, LC769682_P16_GII-3, MN447470_P16_GII-16, LC145791_P16_GII-2, KJ196288_P5_GII-5, OP609646_P16_GII-10, MW305724_P3_GII-3, MW305727_P3_GII-3, MW305726_P3_GII-3, MW305731_P3_GII-3, LC122831_P3_GII-3, KJ194500_P3_GII-3, MK733201_P26_GII-12, MG572732_P26_GII-26, OQ190312_P25_GII-3, KJ196277_P40_GII-5, MW305657_P34_GII-2, MF405169_P32_GII-2, MK753015_P2_GII-2, LC122855_P2_GII-2, MH218734_P2_GII-2, LC122743_P12_GII-3, LC122758_P12_GII-3, PQ559816_P12_GII-3, LC726063_P12_GII-3, LC122751_P12_GII-3, KJ196294_P12_GII-12, KJ196282_P12_GII-12, KJ196299_P12_GII-12, LC122726_P12_GII-12, LC122725_P12_GII-12",69,1,0.071276,34 68 69 70 71 72 77 78 79 80 81 82 83 84 85 86 87 88 91 92 93 95 96 97 98 99 100 101 102 103 104 105 106 107 108 109 114 115 116 117 143 144 145 146 150 151 152 153 154 155 293 294 295 296 298 299 300 301 302 304 305 306 308 309 313 314 315 316 317,"34,68,69,70,71,72,77,78,79,80,81,82,83,84,85,86,87,88,91,92,93,95,96,97,98,99,100,101,102,103,104,105,106,107,108,109,114,115,116,117,143,144,145,146,150,151,152,153,154,155,293,294,295,296,298,299,300,301,302,304,305,306,308,309,313,314,315,316,317"
430,KY887598_P16_GII-3,1,1,0.071276,114,114
431,PV765574_P17_GII-17,1,1,0.071276,175,175
432,"LC369217_P17_GII-17, KT780410_P17_GII-17",2,1,0.071276,163 165,"163,165"
433,KF039730_P1_GI-1,1,1,0.071276,272,272
434,"LC769695_P16_GII-4, PQ195935_P16_GII-4, PQ195936_P16_GII-4, PQ196564_P16_GII-4, PQ215539_P16_GII-4, PQ218566_P16_GII-4, PQ196534_P16_GII-4, PQ209103_P16_GII-4, PQ195932_P16_GII-4, PQ209099_P16_GII-4, PV746275_P16_GII-4, PV746278_P16_GII-4, PP661667_P16_GII-4, PP549880_P16_GII-4, PQ195934_P12_GII-4",15,1,0.071276,120 123 124 125 126 127 128 129 130 131 138 139 140 141 307,"120,123,124,125,126,127,128,129,130,131,138,139,140,141,307"
435,"MZ229330_P4_GI-4, LC122711_P4_GI-4, LC342057_PNA4_GI-6, LC342058_PNA4_GI-6, LC122698_P6_GI-6, JX023285_P1_GI-1, KF429770_P1_GI-1, KF429761_P1_GI-1, KF429774_P1_GI-1, KF429783_P1_GI-1, KF429789_P1_GI-1, KF039729_P1_GI-1, KF429765_P1_GI-1, PX458208_P1, PX458233_P1, PX458194_P1_GI-1, PV242316_P1_GI-1, PX458229_P1_GI-1, PX458213_P1_GI-1, PV242300_P1_GI-1, KF039730_P1_GI-1, MT372464_P2_GI-2, NC_044854_PNA1_GI-6, MN226991_P11_GI-6, OR268206_P11_GI-6, OR268635_P11_GI-6",26,1,0.071276,252 253 254 255 256 257 258 259 260 261 262 263 264 265 266 267 268 269 270 271 272 273 274 275 276 277,"252,253,254,255,256,257,258,259,260,261,262,263,264,265,266,267,268,269,270,271,272,273,274,275,276,277"
436,PP580690_P17_GII-17,1,1,0.071276,196,196
437,MN308017_P31_GII-4,1,1,0.071276,42,42
438,"MH218629_P31_GII-4, KT202797_P31_GII-4",2,1,0.071276,49 51,"49,51"
439,"LC726075_P31_GII-4, PQ507178_P31_GII-4, PQ507179_P31_GII-4",3,1,0.071276,57 65 66,"57,65,66"
440,"JN400601_P4_GII-4, JN400610_P4_GII-4, JN400612_P4_GII-4, JN400613_P4_GII-4, AB933662_P4_GII-4, AB933645_P4_GII-4, JX445158_P4_GII-4, JX445162_P4_GII-4, MW305545_P4_GII-4, KM198504_P4_GII-4, KC409248_P4_GII-4, KC409253_P4_GII-4, KC175358_P4_GII-4, KC409300_P4_GII-4, KC409290_P4_GII-4, KM198524_P4_GII-4, JN400603_P4_GII-4, KJ196287_P4_GII-4, HM748971_P4_GII-4, AB933671_P4_GII-4, KJ541743_P4_GII-4, KC175402_P4_GII-4",22,1,0.071276,0 1 2 3 4 5 6 7 29 320 321 322 323 324 325 327 328 329 330 331 332 333,"0,1,2,3,4,5,6,7,29,320,321,322,323,324,325,327,328,329,330,331,332,333"
441,"MH218733_P31_GII-2, MW305600_P21_GII-2, LC209479_P16_GII-2, OP686903_P16_GII-10, OL898507_P16_GII-2, MW661277_P16_GII-2, OR793088_P16_GII-2, MK773571_P16_GII-2, MG745992_P16_GII-2, MK614137_P16_GII-2, LC726085_P16_GII-2, LC726084_P16_GII-2, MK590974_P16_GII-2, OL826943_P16_GII-2, PP267300_P16_GII-2, LC145791_P16_GII-2, KJ196288_P5_GII-5, OP609646_P16_GII-10, KJ196277_P40_GII-5, MW305657_P34_GII-2, MF405169_P32_GII-2, MK753015_P2_GII-2, LC122855_P2_GII-2, MH218734_P2_GII-2",24,1,0.071276,34 81 88 95 96 97 98 99 100 101 104 105 107 108 109 144 145 146 296 298 299 300 301 302,"34,81,88,95,96,97,98,99,100,101,104,105,107,108,109,144,145,146,296,298,299,300,301,302"
442,"MW261789_P15_GIX-1, OL685296_P15_GIX-1, OL685300_P15_GIX-1, OL685303_P15_GIX-1",4,1,0.071276,200 201 202 203,"200,201,202,203"